Camera Name,Count (Professional),Count (Non-professional)
NIKON D850,96,0
Canon EOS 7D,457,0
PENTAX K-3,37,0
NEX-F3,6,0
Canon EOS 60D,297,0
KODAK Z740 ZOOM DIGITAL CAMERA,22,0
ILCA-68,10,0
COOLPIX AW100,6,0
NIKON D600,118,0
Canon PowerShot A540,32,0
DMC-FZ35,13,0
Canon EOS REBEL T1i,100,0
Canon EOS REBEL SL1,20,0
NIKON D90,349,0
Canon PowerShot A530,4,0
Canon PowerShot S3 IS,34,0
NIKON D500,113,0
Canon EOS 5D Mark II,397,0
E8700,11,0
COOLPIX L320,5,0
DSC-W70,4,0
E-30,4,0
iPhone 4S,66,0
E-M1MarkII,51,0
FinePix E550,5,0
Canon EOS 6D,337,0
Canon EOS 350D DIGITAL,90,0
NIKON D7000,351,0
Canon EOS 5D Mark IV,201,0
NIKON D300S,65,0
iPhone 5s,107,0
DSC-S950,2,0
Canon EOS 7D Mark II,233,0
iPhone 7,42,0
Canon PowerShot SX210 IS,10,0
NIKON D60,58,0
PENTAX KP,13,0
NIKON D5300,84,0
NIKON D800,346,0
PENTAX K-3 II,26,0
SM-G950F,9,0
DSC-F828,7,0
NX500,8,0
ILCA-77M2,42,0
NIKON D3300,67,0
NIKON D80,182,0
Lumia 950,1,0
X-T1,58,0
Canon EOS 5D Mark III,524,0
E-M10,29,0
Canon EOS 5D,90,0
ILCE-6000,117,0
Canon EOS DIGITAL REBEL XTi,119,0
Canon IXUS 220HS,4,0
D-LUX 3,5,0
DSC-T3,1,0
FinePix S5600  ,2,0
NIKON D3200,129,0
Canon EOS 600D,78,0
PENTAX K-5,57,0
DMC-TZ41,1,0
SLP800,1,0
FinePix HS30EXR,6,0
Canon EOS REBEL T3i,205,0
DMC-TZ10,12,0
CanoScan 9000F,11,0
ILCE-7RM3,34,0
E-M1,93,0
COOLPIX S3600,3,0
PENTAX K-30,19,0
DSLR-A850,7,0
Canon EOS DIGITAL REBEL XS,49,0
Canon EOS REBEL T5i,46,0
Canon PowerShot ELPH 340 HS,3,0
DMC-GH2,8,0
iPhone 6,134,0
FDMAVICA,1,0
Canon EOS 70D,216,0
SLT-A77V,80,0
DMC-TZ71,3,0
Nexus 4,3,0
NIKON Z 6_2,7,0
Canon EOS-1D Mark II N,3,0
XQ1,1,0
SAMSUNG WB1000 / VLUU WB1000 / SAMSUNG TL320,1,0
NIKON D300,175,0
Canon EOS 30D,72,0
COOLPIX B600,2,0
NIKON D750,273,0
Canon EOS 450D,63,0
NIKON D700,161,0
iPhone SE,24,0
E-M5            ,7,0
DMC-ZS25,3,0
Canon EOS 80D,108,0
NIKON D70,76,0
SP-3000,8,0
DMC-FZ300,14,0
ILCE-7M2,50,0
NIKON D810,134,0
Canon EOS 40D,151,0
PENTAX K10D,36,0
NIKON D7100,327,0
DMC-FZ45,7,0
DSC-H5,17,0
Canon PowerShot A70,14,0
EX-Z750,2,0
NIKON D3100,134,0
Canon PowerShot S95,16,0
SM-C115,2,0
DC-FZ80,7,0
LEICA Q (Typ 116),10,0
COOLPIX P900,51,0
Canon PowerShot A2500,3,0
Canon PowerShot SX150 IS,15,0
NIKON D5100,172,0
Canon EOS R,12,0
E5700,4,0
E8800,15,0
Canon PowerShot ELPH 100 HS,2,0
SZ-31MR,4,0
E3100,7,0
SM-G900F,6,0
NIKON D7200,159,0
DSLR-A900,11,0
NIKON D40,95,0
iPhone 6s Plus,14,0
NIKON D50,96,0
Canon EOS 6D Mark II,52,0
Canon EOS DIGITAL REBEL XSi,111,0
8400F,2,0
DSLR-A350,37,0
E-PL1,13,0
PEN-F,17,0
E-M5MarkII,73,0
Canon EOS REBEL T4i,35,0
Canon EOS Kiss X6i,3,0
Canon PowerShot SX620 HS,6,0
VS660,1,0
LS-5000,6,0
X-T2,70,0
Canon PowerShot SX40 HS,34,0
Canon EOS 100D,37,0
Canon PowerShot ELPH 330 HS,11,0
NIKON D5000,112,0
DSC-HX400V,33,0
Canon PowerShot SX60 HS,58,0
Canon EOS-1D X,56,0
NIKON Df,19,0
NIKON D4,23,0
Canon PowerShot S200,3,0
Canon EOS 550D,109,0
COOLPIX P7000,8,0
PENTAX K-x,11,0
iPhone 8 Plus,27,0
Canon EOS 10D,14,0
iPhone 5,44,0
E-M10MarkII,26,0
ILCA-99M2,9,0
PENTAX K-70,8,0
COOLPIX S550,1,0
Canon PowerShot S2 IS,14,0
E-M5,80,0
Canon EOS-1Ds Mark III,18,0
SAMSUNG WB50F/WB51F/WB52F,1,0
Canon EOS REBEL T3,34,0
VG170,1,0
SM-G955U,4,0
Canon PowerShot G16,17,0
Canon DIGITAL IXUS 40,3,0
XZ-10           ,2,0
LM-G810,1,0
Canon PowerShot ELPH 360 HS,2,0
Canon PowerShot SX50 HS,68,0
Canon PowerShot SX110 IS,12,0
Canon EOS 400D DIGITAL,77,0
DMC-G2,12,0
iPhone XR,30,0
DMC-FZ1000,47,0
KODAK P880 ZOOM DIGITAL CAMERA,2,0
"Fire HDX 8.9""",1,0
SLT-A57,11,0
E-3,13,0
COOLPIX L310,18,0
"VR350,D755",5,0
Canon EOS 500D,52,0
ILCE-7R,44,0
ILCE-5000,2,0
Canon PowerShot SX200 IS,15,0
NIKON D4S,13,0
ILCE-7RM2,67,0
NIKON D200,124,0
DSC-RX1R,44,0
Canon PowerShot A550,3,0
Canon PowerShot G11,29,0
Canon EOS REBEL T2i,121,0
314,2,0
NIKON D610,78,0
DMC-FZ28,23,0
Canon DIGITAL IXUS 100 IS,7,0
Canon EOS 77D,23,0
NIKON D3S,19,0
Canon PowerShot SD880 IS,9,0
ILCE-7,24,0
Canon EOS 50D,137,0
DMC-TZ60,30,0
NIKON D3400,21,0
NIKON D5500,43,0
FinePix S7000,7,0
Canon EOS 700D,72,0
DSC-HX90V,11,0
Canon EOS Rebel T6s,9,0
X-Pro1,17,0
Canon EOS DIGITAL REBEL XT,130,0
DMC-FX50,1,0
FinePix S2000HD,3,0
iPhone 13 Pro Max,14,0
NIKON D5200,94,0
SP510UZ,16,0
DSC-HX50,3,0
DMC-TZ3,23,0
Canon PowerShot G9,29,0
Canon EOS 750D,39,0
E4500,5,0
DSC-RX100,64,0
X-E1,24,0
QSS,5,0
Canon EOS 650D,31,0
iPhone,18,0
DSLR-A200,24,0
X-T20,19,0
DSC-RX10M4,6,0
NIKON Z fc,2,0
DMC-ZS60,8,0
C740UZ,7,0
Canon PowerShot SX700 HS,6,0
DMC-GX80,8,0
ILCE-6300,23,0
DSC-H50,6,0
SM-G930V,14,0
Canon PowerShot G10,31,0
FinePix S3300,2,0
Canon PowerShot SX30 IS,13,0
CanoScan 9950F,1,0
DMC-FZ72,21,0
DSC-HX100V,11,0
Canon PowerShot SD700 IS,16,0
Canon EOS 1300D,7,0
MP280 series,2,0
Canon PowerShot A40,3,0
DMC-LX3,18,0
PENTAX K-1 Mark II,5,0
uTough-8010,3,0
NIKON D3,38,0
"C180,D435",1,0
DSC-RX100M4,14,0
Canon PowerShot SX230 HS,14,0
Canon PowerShot SX20 IS,24,0
Canon PowerShot G9 X Mark II,11,0
DSC-HX9V               ,1,0
Canon PowerShot A520,3,0
Canon PowerShot A10,1,0
DMC-GX7,9,0
Canon EOS DIGITAL REBEL,32,0
DMC-TZ22,1,0
Canon PowerShot SD870 IS,9,0
PENTAX Optio WPi,2,0
QSS-32_33,22,0
DSC-HX1,11,0
DSC-HX90,2,0
Canon EOS 20D,76,0
iPhone 4,30,0
HP psc1310,1,0
DMC-FZ7,8,0
Pixel 3 XL,1,0
NEX-6,12,0
FinePix JZ310,2,0
X20,15,0
DMC-GF1,15,0
DSC-W830,12,0
DSC-HX9V,40,0
GT-I9505,6,0
EX-S3,1,0
ILCE-7M3,43,0
Canon PowerShot SX120 IS,17,0
SLT-A65V,56,0
NIKON D7500,42,0
267,1,0
Canon PowerShot SX10 IS,19,0
KODAK EasyShare Z981 Digital Camera,8,0
DMC-FZ70,11,0
KODAK EASYSHARE Z1085 IS ZOOM DIGITAL CAMERA,3,0
iPhone 6 Plus,45,0
iPhone 14 Pro Max,3,0
Canon PowerShot S400,9,0
SLT-A55V,25,0
SM-G935F,4,0
GR DIGITAL 4,5,0
Canon EOS 760D,33,0
SIGMA DP3 Merrill,3,0
NEX-5N,18,0
LEICA M (Typ 240),18,0
DSC-W290,5,0
DSLR-A580,10,0
FinePix X100,25,0
GFX 50R,3,0
Canon PowerShot SD1100 IS,8,0
DSC-T1,1,0
DMC-FZ5,7,0
Canon EOS R5,27,0
PENTAX K-3         ,3,0
Canon PowerShot SX280 HS,4,0
Nikon F,1,0
iPhone 6s,57,0
DMC-FZ200,40,0
SAMSUNG-SM-G900A,4,0
DSC-HX300,10,0
KODAK EASYSHARE M531 Digital Camera,2,0
PENTAX Optio RZ10,2,0
X-E2,15,0
EX-Z1050,2,0
DSC-W180,1,0
NIKON D40X,48,0
DMC-FZ38,15,0
NIKON D5,14,0
COOLPIX S6700,1,0
Canon EOS Rebel T6i,30,0
DMC-FZ18,15,0
ILCE-6600,2,0
Canon PowerShot SD10,1,0
E-330,5,0
DSC-HX200V,9,0
E-M10 Mark III,5,0
DSC-W270,2,0
DSC-W530,2,0
Canon PowerShot G12,37,0
"C70Z,C7000Z",2,0
FinePix SL1000,3,0
KODAK EASYSHARE C143 Digital Camera,6,0
hp photosmart 720,1,0
DMC-FZ3,5,0
E2500,1,0
DMC-TZ6,4,0
Canon PowerShot A510,12,0
HUAWEI G6-L22,2,0
COOLPIX L810,5,0
DSLR-A100,33,0
SP560UZ,5,0
iPhone 12 Pro,6,0
Canon PowerShot SD750,9,0
PG06100,1,0
iPhone 8,34,0
FinePix JZ250/JZ260,1,0
DSC-RX10M3,30,0
PENTAX K-5 II,13,0
Canon EOS R7,1,0
DSC-WX10,1,0
S1,4,0
Canon PowerShot A480,2,0
Canon PowerShot S1 IS,8,0
Canon PowerShot SX260 HS,19,0
Canon EOS REBEL T5,23,0
Lumia 635,2,0
Canon PowerShot A650 IS,18,0
Canon IXUS 275 HS,2,0
Canon EOS R6,14,0
BLN-L21,1,0
NEX-C3,2,0
Canon PowerShot SD400,4,0
N8-00,6,0
FinePix F100fd,3,0
DSC-W55,14,0
NEX-5,13,0
NIKON D70s,43,0
DMC-FS35,4,0
D-LUX (Typ 109),2,0
DSLR-A330,6,0
DMC-FZ40,5,0
NIKON D5600,28,0
Canon PowerShot G7 X Mark II,9,0
DSC-HX60V,9,0
EOS 7D,2,0
SM-G970U,4,0
COOLPIX S2700,1,0
HP PhotoSmart C812 (V09.32),2,0
Canon PowerShot S500,3,0
M8 Digital Camera,4,0
DMC-TZ20,4,0
Canon PowerShot A710 IS,13,0
SLT-A99V,24,0
DSLR-A700,19,0
Canon PowerShot A95,9,0
C,1,0
Canon EOS 1100D,29,0
DSLR-A380,5,0
SP-2000,9,0
Canon PowerShot S5 IS,42,0
NIKON D3000,38,0
Canon PowerShot A490,9,0
Canon PowerShot A85,2,0
HP ScanJet 3500,1,0
DSC-T200,1,0
FinePix S8000fd,53,0
DMC-GX1,8,0
Canon PowerShot A700,5,0
COOLPIX P310,2,0
FinePix XP120 XP121 XP125,1,0
iPad,5,0
EZ Controller,17,0
DMC-G1,26,0
2.0 Megapixel,1,0
X100F,19,0
DSC-WX200,1,0
PENTAX K-r,4,0
Canon EOS 5DS R,25,0
NV24HD,1,0
VLUU NV24HD,1,0
LANDIAO NV106HD,1,0
FinePix S4200,3,0
DMC-TZ57,1,0
Canon PowerShot SD780 IS,5,0
PENTAX K-50,14,0
E7600,5,0
"FE170,X760",2,0
Canon EOS Kiss X2,2,0
Canon EOS-1D X Mark II,34,0
Canon PowerShot A720 IS,10,0
DMC-FZ62,3,0
COOLPIX L20,1,0
Canon EOS 4000D,1,0
COOLPIX S8100,3,0
COOLPIX L11,36,0
M9 Digital Camera,25,0
Canon PowerShot S90,12,0
SP500UZ,7,0
DC-G9,11,0
LG-H812,2,0
DSC-HX80,4,0
SM-G960F,7,0
Canon EOS 300D DIGITAL,12,0
COOLPIX S9500,4,0
DSC-HX60,7,0
iPhone XS Max,9,0
E-620,14,0
"C2,D230",1,0
SLT-A58,11,0
PENTAX Optio A30,1,0
Canon PowerShot SX160 IS,6,0
Canon PowerShot G3,6,0
DMC-GF6,3,0
Canon PowerShot A1100 IS,8,0
ILCE-3000,2,0
SM-G975F,2,0
Canon IXUS 190,5,0
iPhone 7 Plus,35,0
NIKON D800E,59,0
DSC-RX1,11,0
E-420           ,2,0
Digimax L60,1,0
SM-G930P,1,0
Canon PowerShot SD550,4,0
FinePix S9000,4,0
KODAK Z1285 ZOOM DIGITAL CAMERA,2,0
277,2,0
COOLPIX P600,6,0
E5600,3,0
Canon PowerShot SD600,12,0
Canon PowerShot G7,17,0
FinePix F420,2,0
FinePix F300EXR,3,0
COOLPIX P510,17,0
Photosmart M627,1,0
Canon EOS 1000D,27,0
DSC-HX50V,5,0
iPhone 14 Pro,2,0
DSC-W100,2,0
DSC-RX10M2,4,0
HP pst_p02b,1,0
FinePix S1000fd,7,0
Perfection 4990,2,0
251,1,0
DMC-LX5,25,0
KODAK C875 ZOOM DIGITAL CAMERA,2,0
Canon EOS-1D Mark IV,38,0
SP550UZ,10,0
Canon EOS M3,4,0
iPhone 3GS,6,0
HDR-CX550V,2,0
DSC-RX1RM2,21,0
E995,5,0
X100S,23,0
DSLR-A57,1,0
SM-G920V,3,0
Canon PowerShot ELPH 300HS,3,0
DSC-S930,1,0
LEICA M10,11,0
DSLR-A390,3,0
X-H1,14,0
X100T,10,0
E5000,4,0
COOLPIX P7800,8,0
R831L,1,0
EX-Z100,1,0
D-LUX 5,4,0
<Digimax S800 / Kenox S800>,1,0
MX-1200,1,0
iPhone X,18,0
Canon PowerShot S50,2,0
DSC-H10,9,0
Canon PowerShot S100,12,0
DMC-FX8,1,0
D6603,3,0
NIKON 1 V3,4,0
G1,2,0
SM-G357M,1,0
VE-CG30,1,0
DSC-RX100M5,13,0
EOS DIGITAL REBEL XTi,3,0
FC300C,1,0
Canon PowerShot SX130 IS,10,0
E4300,2,0
Canon EOS 850D,1,0
EX-Z3,1,0
ILCE-7RM4,17,0
Fujifilm A170 A180,4,0
COOLPIX P5000,5,0
TG-3,5,0
DMC-LX100,16,0
KODAK EASYSHARE C813 ZOOM DIGITAL CAMERA,4,0
DSC-WX350,2,0
Canon PowerShot SX710 HS,9,0
KODAK EASYSHARE Z1012 IS Digital Camera,2,0
DMC-GH4,7,0
Nexus S 4G,1,0
E-PL5,18,0
Canon PowerShot A570 IS,3,0
X-S1,8,0
EX-F1      ,2,0
"VR310,D720",2,0
Canon PowerShot A590 IS,7,0
NIKON D3X,10,0
ILCE-9M2,5,0
NX300,7,0
Canon XC10,1,0
PENTAX K100D Super,8,0
Canon PowerShot SX510 HS,14,0
E-300,5,0
ViviCam 8625,1,0
X-T30,4,0
ADR6300,1,0
NEX-3N,3,0
COOLPIX P300,2,0
ILCE-6400,6,0
Canon EOS 1200D,22,0
Canon PowerShot A2300,9,0
NIKON Z 7,26,0
DSC-H9,8,0
TRT-LX2,1,0
DMC-FZ150,20,0
FinePix S5000,14,0
KODAK Z812 IS ZOOM DIGITAL CAMERA,6,0
C2040Z,1,0
"X600,D630,FE5500",3,0
NIKON D1X,3,0
X-Pro2,29,0
SM-J327V,1,0
iPhone SE (2nd generation),5,0
Canon DIGITAL IXUS 90 IS,2,0
Canon MG3600 series Network,2,0
Canon EOS Rebel T6,13,0
X-T10,13,0
FinePix S9800 S9850 S9750,4,0
COOLPIX S51,1,0
DMC-GH3,11,0
Canon DIGITAL IXUS 60,2,0
FinePix HS10 HS11,11,0
FinePix S5700 S700,16,0
PENTAX Optio 555,3,0
Canon PowerShot SX610 HS,5,0
COOLPIX S3300,6,0
COOLPIX S3500,5,0
Microscope,1,0
E-P5,13,0
C7070WZ,2,0
DMC-TZ35,11,0
FinePix F47fd,1,0
FinePix S4500,3,0
GT-S5830,2,0
FinePix F480,4,0
NEX-7,18,0
DMC-TZ18,9,0
DC-ZS200,1,0
PENTAX K-S2,9,0
CrystalScan 7200,1,0
PENTAX K200D       ,2,0
FinePix S9500,4,0
E-510,27,0
NIKON Z 6,25,0
E-5,18,0
SM-S727VL,2,0
Nexus 5,6,0
Canon PowerShot G15,18,0
E3200,1,0
DSC-R1,16,0
FinePix S1,6,0
COOLPIX P100,4,0
DSC-RX100M3,34,0
DMC-FZ50,6,0
DiMAGE S414,4,0
KODAK EASYSHARE V1003 ZOOM DIGITAL CAMERA,2,0
PENTAX *ist DS2    ,1,0
GT-N7100,2,0
iPhone 11,8,0
NIKON D2X,11,0
E-420,10,0
Canon PowerShot SX530 HS,12,0
DSC-W230,3,0
COOLPIX L830,5,0
PENTAX Optio E80,1,0
DSC-H90,6,0
Canon PowerShot SX100 IS,15,0
Canon PowerShot SD1000,13,0
PENTAX K200D,8,0
Canon EOS M,14,0
Canon PowerShot S120,9,0
FinePix S5100,2,0
X30,2,0
Nikon SUPER COOLSCAN 5000 ED,14,0
DMC-G3,27,0
FinePix S4300,1,0
E-M1MarkII      ,3,0
ILCE-6500,5,0
C760UZ,5,0
Canon EOS 800D,12,0
DMC-GM1,10,0
"X100,D540Z,C310Z",2,0
11000XL,1,0
COOLPIX P80,6,0
FinePix HS50EXR,13,0
QV-R40,3,0
E-PL1           ,2,0
EK-GC100,2,0
E4100,2,0
DiMAGE A200,3,0
Picture Kiosk G4,3,0
COOLPIX P90,11,0
E-PL7,7,0
Flip-Pal 100C,1,0
Canon PowerShot G5,4,0
AE-1,1,0
"FE320,X835,C540",1,0
FinePix A820,4,0
Canon EOS M5,8,0
VLUU L210  / Samsung L210,1,0
F - 100,1,0
KODAK EASYSHARE Z915 DIGITAL CAMERA,2,0
COOLPIX S6200,1,0
Canon PowerShot SD900,1,0
MX340 series,1,0
DMC-TZ5,9,0
DSC-WX1,2,0
StylusTough-8010,2,0
D-LUX 4,7,0
FinePix S1500,7,0
DSC-H20,3,0
L16,1,0
NX3000,3,0
NIKON Z 5,4,0
"FE5010,X915",1,0
NIKON D3500,7,0
LS-9000,3,0
KODAK Z1275 ZOOM DIGITAL CAMERA,1,0
DMC-TZ8,15,0
DSC-TX10,1,0
NIKON D2Hs,3,0
NX10           ,2,0
COOLPIX B700,9,0
D90,2,0
LEICA Q2,4,0
FinePix XP20,3,0
COOLPIX S2500,2,0
FinePix S2950,9,0
Canon PowerShot A620,13,0
Pixel 4,1,0
iPhone 5c,14,0
DMC-G5,6,0
SM-G930W8,4,0
DC-FZ82,11,0
C902,1,0
SP590UZ,1,0
Canon PowerShot SD630,5,0
V-LUX 3,3,0
CanoScan 9000F Mark II,4,0
Canon EOS 90D,17,0
iPhone 12,3,0
Canon PowerShot G6,5,0
LEICA M MONOCHROM (Typ 246),2,0
Canon EOS-1D Mark III,16,0
iPhone 11 Pro Max,14,0
E-10,1,0
NEX-5R,7,0
FC220,7,0
E-3             ,3,0
FinePix F70EXR,2,0
SM-G973W,2,0
SCH-I535,4,0
COOLPIX P6000,2,0
LEICA TL2,1,0
NEX-5T,8,0
NIKON D100,8,0
E-5             ,1,0
Canon PowerShot A3300 IS,1,0
EX-Z1050   ,2,0
LiDE 110,2,0
CaplioG3 modelM,1,0
KODAK EASYSHARE M580 DIGITAL CAMERA,1,0
Canon PowerShot SD4000 IS,3,0
SM-A310F,3,0
E-PL3,4,0
Mi 9T,1,0
COOLPIX S7000,2,0
TG-5,4,0
Canon PowerShot SX220 HS,4,0
DMC-G80,7,0
ILCE-9,11,0
X100V,5,0
DMC-TZ80,7,0
FinePix S100FS,7,0
DMC-GX8,13,0
Canon PowerShot A470,4,0
X-T3,14,0
DMC-TZ25,8,0
COOLPIX A,3,0
GR,11,0
DSC-W200,3,0
DMC-FZ47,4,0
Canon EOS 5DS,10,0
E-410,4,0
DSC-T70,2,0
FinePix HS20EXR,9,0
DSC-W5,2,0
DSC-P93A,3,0
Stylus Photo TX800FW,2,0
X10,10,0
FinePixS2Pro,3,0
E-P3,7,0
KODAK EASYSHARE Z1015 IS DIGITAL CAMERA,3,0
ASUS_X008DC,1,0
Canon PowerShot A4000 IS,2,0
FinePix Z33WP,1,0
FinePix S2500HD,2,0
TG-810          ,1,0
SCH-U960,1,0
DMC-ZS10,8,0
COOLPIX S6800,2,0
E5200,2,0
NIKON 1 V2,1,0
PENTAX K-1,18,0
DC-GF9,2,0
PENTAX K-7,12,0
DSC-RX100M2,17,0
Canon PowerShot ELPH 150 IS,3,0
DSC-P200,8,0
Canon PowerShot SX720 HS,7,0
SH-25MR,1,0
FinePix S1800,5,0
DMC-LX7,13,0
Canon IXUS 500 HS,1,0
FinePix S5600,3,0
FinePix S7000 ,2,0
Canon PowerShot SD800 IS,7,0
Nexus 5X,1,0
Canon DIGITAL IXUS 500,4,0
moto g stylus,3,0
Canon PowerShot SD890 IS,5,0
SM-N910W8,1,0
GT-I9100,3,0
E-PM1,6,0
SM-G960U,2,0
E990,1,0
Canon EOS Rebel T7i,19,0
DMC-FX9,3,0
PENTAX *ist DS2,1,0
E2000,3,0
WB200F/WB201F/WB202F,1,0
KODAK EASYSHARE Z710 ZOOM DIGITAL CAMERA,4,0
DSC-W50,2,0
ZTE,1,0
DSC-HX7V,4,0
PENTAX K2000,1,0
PENTAX K1000,1,0
Canon PowerShot A610,14,0
C-Lux,2,0
DSC-P10,2,0
"C990Z,D490Z",3,0
DSLR-A450,4,0
DMC-TZ40,12,0
iPhone 11 Pro,4,0
Canon PowerShot SX500 IS,5,0
"FE280,X820,C520",2,0
HUAWEI KII-L05,1,0
FinePix S8200,2,0
PS3600,2,0
"u710,S710",3,0
uTough-8010     ,1,0
LT30p,3,0
DYNAX 7D,3,0
Canon PowerShot S45,1,0
DMC-LF1,9,0
iPhone XS,8,0
KODAK V530 ZOOM DIGITAL CAMERA,2,0
Moto G (4),3,0
Canon PowerShot SX410 IS,2,0
Canon EOS-1D X Mark III,3,0
NIKON D100 ,2,0
DMC-GX85,9,0
WB700,4,0
VS986,6,0
Canon PowerShot SX270 HS,1,0
Canon PowerShot A430,1,0
WB690,4,0
Canon PowerShot D10,5,0
<Digimax S830 / Kenox S830>,1,0
SIGMA DP2 Merrill,8,0
DSC-H70,2,0
Canon PowerShot SX240 HS,7,0
MP990 series,1,0
DMC-ZS40,1,0
NIKON D6,1,0
Canon IXUS 105,2,0
E-P2,6,0
CanoScan 5600F,1,0
FinePix J30 J32 J38,3,0
C5060WZ,1,0
LEICA SL (Typ 601),5,0
Canon PowerShot Pro1,4,0
SM-J100H,1,0
PHOTOfunSTUDIO,1,0
DSC-S650,2,0
TG-4,4,0
Canon PowerShot SD450,4,0
Canon PowerShot S330,1,0
J10i2,1,0
C8080WZ,2,0
CYBERSHOT,19,0
SM-A525F,1,0
KODAK C310 DIGITAL CAMERA,5,0
Canon MP480 series,1,0
XT1585,1,0
YAL-L21,4,0
DMC-TZ70,9,0
EVO,1,0
Canon DIGITAL IXUS 110 IS,1,0
HP PhotoSmart C945 (V01.67) ,1,0
ILCE-1,4,0
Nikon SUPER COOLSCAN 9000 ED,2,0
DSC-W12,1,0
COOLPIX S6100,3,0
DSC-H7,7,0
StylusTough-6020,1,0
Canon PowerShot A630,11,0
PENTAX KP          ,1,0
DSC-W170,3,0
Canon PowerShot ELPH 190 IS,3,0
E-400,3,0
COOLPIX L31,1,0
PENTAX Optio W80,2,0
DMC-FZ20,7,0
Canon PowerShot G3 X,7,0
SM-G930F,7,0
SM-G985F,2,0
HUAWEI Y530-U00,1,0
E-510           ,6,0
FinePix S4000,5,0
E-M5MarkII      ,2,0
KODAK EASYSHARE CX6230 ZOOM DIGITAL CAMERA,1,0
EPSON scanner,5,0
DSC-W7,4,0
DMC-G7,7,0
COOLPIX P520,6,0
Canon DIGITAL IXUS 80 IS,9,0
XZ-1,4,0
COOLPIX P80  ,2,0
GT-I8160,1,0
RICOH R8,1,0
K750i,1,0
E4200,4,0
DMC-FX07,3,0
Canon PowerShot A75,4,0
EML-L29,1,0
DSC-P100,3,0
BlackBerry 9530,1,0
Canon PowerShot SX1 IS,6,0
DMC-ZS45,1,0
COOLPIX P610,12,0
DSLR-A550,11,0
DSC-HX20V,2,0
<KENOX S730  / Samsung S730>,1,0
DSC-TX20,5,0
KODAK DX7630 ZOOM DIGITAL CAMERA,2,0
DMC-TZ1,15,0
iPhone SE (1st generation),3,0
NIKON 1 J2,1,0
"FE115,X715",1,0
COOLPIX A100,2,0
KODAK EASYSHARE M753 ZOOM DIGITAL CAMERA,1,0
PENTAX K20D,13,0
Canon IXUS 300 HS,1,0
HTC 10,1,0
FinePix S3100,6,0
S1  ,1,0
COOLPIX P7700,5,0
E-500           ,4,0
DC-GX9,5,0
KODAK DX7440 ZOOM DIGITAL CAMERA,5,0
SIGMA DP2,2,0
i531,2,0
"X-3,C-60Z",5,0
MotoG3,1,0
NIKON D780,1,0
E5400,4,0
DMC-ZS50,4,0
SO-03H,2,0
SCH-R760,1,0
Sinarback 54 FW,7,0
Sinarcam 2 (Stand Alone),1,0
Vivicam4000,1,0
Canon PowerShot S410,3,0
FinePix F10,5,0
Canon PowerShot SD790 IS,5,0
COOLPIX L110,5,0
SLP1000SE,1,0
DMC-TZ7,4,0
D7000,1,0
GT-I9300,6,0
DSC-L1,1,0
COOLPIX S8200,4,0
COOLPIX S220,4,0
DMC-FS3,3,0
HP ScanJet 4070,1,0
DSLR-A300,9,0
SM-G900V,2,0
Canon PowerShot S300,1,0
Canon EOS-1DS,2,0
Canon PowerShot G1 X,5,0
HP PhotoSmart C935 (V03.81),1,0
LM-X415K,1,0
PENTAX K-01,4,0
DMC-FX30,9,0
DSC-H1,6,0
E10,1,0
GR II,6,0
FinePix E900,2,0
SM-G920F,8,0
Desire HD,1,0
E-P1,5,0
iPhone 13 Pro,2,0
COOLPIX S3000,4,0
Canon PowerShot S70,4,0
P21+,1,0
SCH-I545,7,0
"u700,S700",2,0
iPad 2,2,0
"u1060,S1060            ",6,0
Pixel 6,1,0
66,1,0
COOLPIX L5,4,0
XT1575,1,0
X70,3,0
PENTAX Q7,1,0
GR Digital,2,0
DMC-FX100,3,0
Canon IXY DIGITAL 920 IS,1,0
VFD 730,1,0
SGH-I717,1,0
PENTAX 645D,4,0
CLT-L29,3,0
COOLPIX S9900,9,0
FinePix XP90 XP91 XP95,2,0
"X350,D575Z,C360Z",1,0
LG-D855,3,0
Canon PowerShot G9 X,2,0
SP800UZ,7,0
DMC-FZ330,5,0
DMC-FZ8,7,0
KODAK P850 ZOOM DIGITAL CAMERA,2,0
COOLPIX S8000,10,0
Canon EOS M6 Mark II,2,0
"u1060,S1060",1,0
DMC-TZ65,1,0
PENTAX Optio 33WR,2,0
SM-N920T,1,0
236,1,0
d-lab.2/3,1,0
Canon PowerShot G1 X Mark III,5,0
PENTAX K-x         ,6,0
V-LUX 1,5,0
NIKON Z 7_2,3,0
E-M5MarkIII,4,0
Canon EOS M50,7,0
4MP-9Q3,1,0
E-M1MarkIII,6,0
ILCE-5100,8,0
PENTAX X-5,1,0
EX-Z70,4,0
DC-GX7MK3,2,0
EX-H20G,1,0
KODAK V550 ZOOM DIGITAL CAMERA,1,0
C770UZ,2,0
PrimeFilm XAs,1,0
Hasselblad H4D-200MS,1,0
Canon EOS Kiss X4,4,0
DMC-ZS35,1,0
DMC-FX55,2,0
SM-G950U,3,0
L1D-20c,5,0
DiMAGE G600,2,0
COOLPIX S500,1,0
XT1080,1,0
Canon PowerShot SD1300 IS,6,0
FinePix4800 ZOOM,1,0
DMC-FH25,2,0
CanoScan LiDE 90,1,0
DSC-W120,5,0
GT-B7320L,1,0
Canon PowerShot SD300,1,0
XT1068,2,0
FC300S,1,0
DMC-GH1,4,0
ADR6400L,1,0
SIGMA SD14,2,0
FinePix S5200,5,0
DSC-H400,3,0
<Digimax S700 / Kenox S700 / Digimax Cyber 730>,1,0
XT1650,2,0
Canon PowerShot SD1400 IS,3,0
Canon PowerShot SX400 IS,4,0
Canon EOS R3,3,0
DSC-W1,3,0
iPad (5th generation),2,0
Canon PowerShot S40,2,0
KODAK EasyShare Z5010 Digital Camera,3,0
LM-Q730,1,0
Canon PowerShot SD960 IS,1,0
"u20D,S400D,u400D",4,0
278,4,0
KODAK EASYSHARE Z8612 IS Digital Camera,1,0
F5321,1,0
DMC-XS1,1,0
FinePix F30    ,1,0
X-S10,1,0
DSC-W90,6,0
SM-N910C,1,0
SM-G920T,1,0
Cymera,1,0
TG-630          ,1,0
Canon EOS-1D Mark II,6,0
NIKON D810A,1,0
Mi A2 Lite,1,0
KODAK DX6440 ZOOM DIGITAL CAMERA,3,0
SIGMA SD1 Merrill,2,0
"u1200,S1200",2,0
DSC-P8,2,0
"C3100Z,C3020Z",1,0
COOLPIX AW110,3,0
Caplio R5      ,1,0
iPad mini 4,1,0
Canon PowerShot G1 X Mark II,5,0
Pixel 2 XL,5,0
Canon PowerShot SX170 IS,4,0
iPhone 12 Pro Max,4,0
PENTAX K-5 II s,17,0
DMC-GF2,6,0
Canon PowerShot A640,4,0
DSC-H2,3,0
Canon PowerShot ELPH 170 IS,1,0
FinePix AV200,1,0
SAMSUNG PL210,2,0
PL211 / VLUU PL210,2,0
PL211,2,0
<Digimax S500 / Kenox S500 / Digimax Cyber 530>,4,0
DMC-TZ30,8,0
Canon PowerShot SD980 IS,1,0
COOLPIX L22,1,0
DSC-WX60,2,0
Canon DIGITAL IXUS 85 IS,3,0
Canon PowerShot SD500,4,0
E-450,7,0
FinePix HS25EXR,2,0
DiMAGE Z2,1,0
Canon PowerShot S110,8,0
Canon PowerShot G7 X,5,0
iPad Air 2,6,0
BlackBerry 8520,1,0
"u9000,S9000",1,0
Canon EOS Kiss Digital N,1,0
9000F,1,0
Lumia 1020,6,0
Canon PowerShot ELPH 110 HS,5,0
KODAK DX4330 DIGITAL CAMERA,4,0
DSC-HX350,4,0
DSC-W40,1,0
SM-G970U1,1,0
DSC-HX30V,1,0
VOG-L29,3,0
DIGITAL CAMERA,4,0
E-500,16,0
EOS 5D Mark IV,1,0
NIKON 1 J1,9,0
COOLPIX L4,2,0
SM-A500FU,3,0
F235,2,0
"u850SW,S850SW",4,0
COOLPIX P500,4,0
C3000Z,2,0
Canon PowerShot ELPH 520 HS,5,0
QSS-3011,2,0
"C4100Z,C4000Z",7,0
Pixel 3a,2,0
"FE310,X840,C530",1,0
"FE-120,X-700",1,0
CD MAVICA,3,0
DMC-TZ100,6,0
DMC-FH20,2,0
COOLPIX A900,5,0
E-620           ,2,0
DMC-FS7,1,0
DMC-LZ5,3,0
Canon PowerShot SX540 HS,2,0
E2200,1,0
COOLPIX L10,1,0
NIKON Z 50,6,0
DMC-FX7,3,0
ILCE-7S,5,0
E10a,1,0
KODAK EASYSHARE M1063 DIGITAL CAMERA,3,0
DMC-ZS5,4,0
DSC-WX220,2,0
PHANTOM VISION FC200,2,0
C905,1,0
Canon PowerShot SD850 IS,5,0
MAXXUM 7D,5,0
Perfection V700/V750,3,0
COOLPIX S9600,2,0
NIKON 1 V1,11,0
Canon PowerShot S30,2,0
Digimax A5,1,0
KODAK EASYSHARE DX3215 Zoom Digital Camera,1,0
KODAK V1233 ZOOM DIGITAL CAMERA,1,0
FinePix S9900W S9950W,2,0
COACH,4,0
SGH-M919,2,0
SLT-A37,3,0
Galaxy Nexus,3,0
CanoScan LiDE 220,2,0
DSC-S90,3,0
DMC-FX01,2,0
DSC-RX10,3,0
DMC-ZS8,7,0
Moto G (5),2,0
EOS 500N,2,0
DC-TZ93,2,0
EVA-L09,3,0
Canon IXUS 210,1,0
PENTAX *ist D,1,0
Canon PowerShot ELPH 310 HS,6,0
MAXXUM 5D,4,0
WAS-LX1A,1,0
DiMAGE Z5,6,0
DSC-WX80,2,0
DMC-ZS3,4,0
PENTAX K-3 Mark III,1,0
E775,2,0
Nikon D40 / Sigma 18~200mm f3.5-6.3 DC,1,0
Hasselblad H3D,1,0
PENTAX K20D        ,2,0
COOLPIX S210,2,0
CX6,1,0
N8008,1,0
Canon EOS M200,1,0
KODAK Z612 ZOOM DIGITAL CAMERA,6,0
SM-G991B,1,0
FinePix SL280,1,0
C-5000Z,2,0
COOLPIX P50,2,0
<Samsung i85,1,0
Samsung VLUU i85>,1,0
KODAK LS755 ZOOM DIGITAL CAMERA,1,0
P 40+,1,0
COOLPIX P500   ,2,0
PENTAX Optio 750Z,2,0
"VR340,D750",2,0
HTC 2PXH3,2,0
RNE-L21,1,0
DSC-H3,4,0
CanoScan LiDE 700F,1,0
SAMSUNG-SM-C105A,1,0
DMC-FZ100,9,0
DMC-FX37,1,0
Lumia 640 LTE,1,0
COOLPIX S620,1,0
"X-2,C-50Z",2,0
FinePix S9200 S9250 S9150,3,0
M2101K6G,1,0
SAMSUNG-SGH-I747,5,0
Canon EOS-1Ds Mark II,5,0
DSC-W80,8,0
SM-G973F,4,0
COOLPIX S4300,1,0
Canon DIGITAL IXUS 850 IS,2,0
NEX-3,4,0
Canon EOS Kiss X5,2,0
HDR-PJ430V,1,0
MYA-L41,1,0
LG-H320,1,0
Canon DIGITAL IXUS 70,4,0
LYA-L29,1,0
HD3,1,0
6700s,1,0
HP Photosmart M537,1,0
PENTAX Optio P70,1,0
<KENOX S760  / Samsung S760>,1,0
SGH-I317M,4,0
WB150 / WB150F / WB152 / WB152F / WB151 / WB151F,1,0
8.3.2,1,0
COOLPIX L100,2,0
KODAK EASYSHARE M340 Digital Camera,1,0
BLL-L22,1,0
Canon DIGITAL IXUS 960 IS,1,0
FinePix S200EXR,2,0
NX1,2,0
K790a,1,0
X-M1,4,0
VIE-L09,1,0
Hasselblad CFV II 50C,1,0
DC-TZ200,2,0
DiMAGE Xg,2,0
Filmscan 35mm,2,0
TG-310,1,0
DMC-G85,2,0
Canon IXUS 135,1,0
KODAK Z885 ZOOM DIGITAL CAMERA,2,0
V-LUX (Typ 114),2,0
SM-A520F,3,0
HUAWEI LYO-L21,2,0
"u720SW,S720SW",2,0
6280,1,0
ZN5,1,0
Canon PowerShot A2000 IS,2,0
DSC-S40,2,0
Canon PowerShot SX520 HS,2,0
DSC-HX100V             ,1,0
E4600,4,0
ILCE-7SM2,3,0
E-M10           ,1,0
DMC-LZ40,1,0
Canon DIGITAL IXUS 800 IS,4,0
SZ-10,1,0
SIGMA dp2 Quattro,1,0
SM-A515F,1,0
DSLR-A230,4,0
ILCE-6100,3,0
Perfection V37/V370,2,0
Canon EOS Rebel SL3,2,0
LG-H815,2,0
SM-G935V,2,0
COOLPIX L120,4,0
HERO4 Black,1,0
FC6520,1,0
C309a series,1,0
FC6310,3,0
DSC-HX10V,2,0
Canon EOS 200D,3,0
QSS-30,3,0
SAMSUNG WB600 / VLUU WB600 / SAMSUNG WB610,1,0
CX1,1,0
FinePix S1730,1,0
EK-GC200,1,0
DSC-S700,2,0
COOLPIX P1000,4,0
COOLPIX S3400,3,0
Digital Link,1,0
NIKON Z 9,2,0
SM-N910F,2,0
QV-4000,1,0
231,1,0
LG-D850,1,0
DMC-FP2,1,0
F100,2,0
X-T4,4,0
X-A1,1,0
DSC-W350,2,0
DMC-TS4,1,0
Canon DIGITAL IXUS i,2,0
PerfectionV600,5,0
SM-A505FN,2,0
C1905,1,0
SAMSUNG PL150 / VLUU PL150 / SAMSUNG TL210 / SAMSUNG PL151,2,0
VC6100Z,1,0
DMC-ZX3,3,0
Canon PowerShot A560,2,0
SM-J500FN,2,0
DSC-HX5V,9,0
DMC-TS1,5,0
EX-S500,1,0
LEICA CL,3,0
DMC-FZ15,2,0
DiMAGE Z6,1,0
iPad Air,2,0
EX1,1,0
DC-GH5,3,0
Perfection4990,1,0
RICOH GR III,6,0
Canon PowerShot SD950 IS,2,0
P45+,2,0
Canon PowerShot A2200,1,0
D6503,2,0
"FE47,X43",1,0
COOLPIX S6000,1,0
COOLPIX S630,2,0
iPad mini 2,2,0
"iPhone8,1",1,0
NIKON D70S,1,0
COOLPIX P7100,2,0
DMC-FZ2500,4,0
"VG110,D700",1,0
Canon DIGITAL IXUS 50,1,0
Canon PowerShot SD1200 IS,5,0
COOLPIX L840,1,0
DSC-W210,1,0
Hasselblad H3DII-31,2,0
E8400,2,0
"FE220,X785",1,0
HP ScanJet 3670,1,0
C-LUX 3,1,0
KODAK Z730 ZOOM DIGITAL CAMERA,1,0
ILCE-7RM4A,1,0
FinePix Z100fd,1,0
DSC-P92,2,0
DMC-ZR1,1,0
PENTAX Optio L60,1,0
OM-1,2,0
Canon EOS M6,3,0
COOLPIX S3,2,0
DMC-GF7,2,0
C765UZ,1,0
Canon PowerShot A3100 IS,3,0
FinePix A370,1,0
D-LUX 6,3,0
FinePixViewer Ver.5.4,1,0
DC-GH6,1,0
Canon PowerShot G2,4,0
FinePix JX530,1,0
FinePix 3800  ,1,0
E-520,4,0
DMC-TZ4,1,0
DC-TZ90,6,0
SM-A520W,1,0
COOLPIX P5100,2,0
SM-G960W,1,0
OpticFilm 7200,1,0
VS995,1,0
SP565UZ,1,0
PENTAX *ist DL,2,0
Lumia 930,1,0
EK-GC110,1,0
Exp10000XL10000 ,2,0
COOLPIX L110   ,1,0
DSLR-A500,1,0
Canon PowerShot S60,4,0
DMC-GF5,2,0
DIGILUX 3,3,0
PENTAX 645Z,2,0
D5803,3,0
iPhone 13 mini,1,0
FC330,2,0
FinePix F20,1,0
SM-J330FN,1,0
Hasselblad X1D-50c,1,0
PENTAX *ist DS,3,0
KODAK P712 ZOOM DIGITAL CAMERA,3,0
DMC-FT1,1,0
W600i,1,0
SM-N900V,2,0
PENTAX *ist DL2,1,0
FinePix S4800,2,0
DiMAGE Z1,3,0
E-P1            ,1,0
DSC-W310,2,0
FinePix S9100,2,0
Fire HD,2,0
SM-N910V,1,0
Nikon D3300,1,0
"uT6000,ST6000",1,0
TDC5010,1,0
FinePix S2000HD S2100HD,1,0
DSC-T33,1,0
DSC-V3,1,0
Canon DIGITAL IXUS 700,2,0
SP550UZ                ,2,0
Hasselblad H3D-39,1,0
Lumia 920,1,0
MotoE2(4G-LTE),1,0
N900,1,0
FinePix S4250WM,1,0
COOLPIX P330,4,0
FinePix F600EXR,1,0
"GXR MOUNT A12_PLANAR T* 2,0/50mm ZM",1,0
COOLPIX L25,1,0
SAMSUNG-SM-G930A,1,0
SP-2500,2,0
DSC-T7,1,0
"FE270,X815,C510",1,0
FinePix S6500fd,3,0
FinePix S9500  ,1,0
SIGMA DP1 Merrill,1,0
Pixel 3,4,0
SAMSUNG WB1100F/WB1101F/WB1102F,1,0
272,2,0
KODAK Z712 IS ZOOM DIGITAL CAMERA,3,0
DSC-W710,1,0
Canon EOS Kiss Digital X,2,0
FinePix T500,1,0
TG-2,1,0
E885,2,0
Canon EOS RP,5,0
6MP-9J5,1,0
SAMSUNG-SGH-I337,2,0
E-1,2,0
<KENOX S860  / Samsung S860>,1,0
"uD800,S800",2,0
DSC-P72,4,0
XT1254,1,0
Hitachi HBC161E,5,0
Pixel XL,1,0
XT1052,2,0
C3040Z,1,0
Optio E70L,1,0
2014813,1,0
SM-A320FL,1,0
FinePix F30,2,0
PENTAX K100D,4,0
FinePix J10,1,0
Canon PowerShot S80,2,0
DMC-G6,2,0
Sinar m,5,0
9000F Mark II,1,0
PENTAX 645Z        ,1,0
DC-ZS70,1,0
"u-miniD,Stylus V",2,0
Perfection V800/V850,2,0
LGL39C,1,0
FinePix F650,2,0
KODAK DIGITAL SCIENCE DC260 (V01.00),1,0
DC E43,1,0
Canon PowerShot G5 X,2,0
SPH-L720,1,0
COOLPIX S50,2,0
XA,1,0
AC2003,1,0
DMC-FX35,3,0
PENTAX Optio W10,2,0
305,4,0
DSC-W300,1,0
COOLPIX S9100,4,0
DMC-LS80,3,0
C460ZdelSol,1,0
DC-S1R,2,0
KODAK EASYSHARE V803 ZOOM DIGITAL CAMERA,1,0
PENTAX Optio A40,1,0
PENTAX Optio W60,3,0
KODAK CX6330 ZOOM DIGITAL CAMERA,1,0
COOLPIX B500,3,0
SM-N910G,1,0
SM-G920I,1,0
D-LUX2,1,0
E-PM2,4,0
FinePix F60fd,1,0
8600F,1,0
Digimax 201,2,0
MVC-CD500,1,0
FinePix S9600,2,0
LG-D852,1,0
PENTAX Optio WP,2,0
DMC-FX3,1,0
DSC-H55,4,0
SI-1080 Film Scanner Model DLS1640,1,0
DMC-GF3,1,0
FinePix JV170,1,0
Leaf Aptus-II 12(LI301655   )/Phase One 645DF/645AF,1,0
PerfectionV800,1,0
iPod touch,2,0
RICOH R10,2,0
PENTAX K-5         ,1,0
FDI Service / UnKnown Model,1,0
EX-Z9,1,0
LG-M327,1,0
Canon PowerShot S230,3,0
NIKON D2Xs,4,0
u15D,1,0
A1250,1,0
DSC-W370,1,0
PENTAX X90,1,0
<VLUU L730  / Samsung L730>,1,0
FinePix F770EXR,3,0
D80,2,0
Perfection V500,1,0
<Digimax S600 / Kenox S600 / Digimax Cyber 630>,2,0
COOLPIX S6600,2,0
HUAWEI MT7-L09,4,0
KODAK DX3900 ZOOM DIGITAL CAMERA,4,0
WAS-L03T,1,0
SM-J530F,1,0
SGH-T989,1,0
DMC-LS75,1,0
KODAK EASYSHARE C913 DIGITAL CAMERA,3,0
Canon PowerShot SX730 HS,2,0
COOLPIX L820,1,0
Nexus S,1,0
<KENOX S1050  / Samsung S1050>,2,0
 SAMSUNG WB500,1,0
WB510 / VLUU WB500 / SAMSUNG HZ10W,1,0
FinePix J120,1,0
PRAKTICA LTL 2,1,0
DiMAGE A2,1,0
PENTAX K10D        ,4,0
MI 9,2,0
200,1,0
COOLPIX P950,1,0
Canon PowerShot SD990 IS,5,0
E-PL2,3,0
Caplio GX100,3,0
TG-610,1,0
KODAK EASYSHARE ZD710 ZOOM DIGITAL CAMERA,2,0
Nikon F100,1,0
FinePix A400,1,0
EX-Z1080,1,0
DMC-FS15,3,0
X-E2S,3,0
Kodak CLAS Digital Film Scanner / HR200,1,0
Canon EOS Kiss X7,2,0
DMC-LX10,2,0
TG-870,1,0
KODAK EasyShare Z981 Digital Camera     ,2,0
CX1            ,1,0
C750UZ,4,0
Super Slim XS80,1,0
PENTAX ME,1,0
SAMSUNG GX20,2,0
110 Fisheye,1,0
DSC-WX500,2,0
DMC-ZS100,6,0
Photosmart M425,1,0
SP-620UZ,2,0
SZ-14,1,0
FinePix F900EXR,1,0
SAMSUNG GX10       ,1,0
NX11,1,0
SM-G965U,1,0
SX525WD/Office BX525WD,1,0
"uD600,S600      ",1,0
SM-N975U,1,0
VLUU ST5000,1,0
ST5000,1,0
TL240,1,0
FinePix S2750HD,1,0
E-PL6,2,0
DSC-P52,2,0
PENTAX Optio E50,2,0
CanoScan 8600F,2,0
DSC-W630,1,0
DMC-LZ6,1,0
RB67,1,0
MN35Z,1,0
NIKON 1 J3,1,0
DMC-FX12,2,0
ELE-L09,1,0
WB2000,1,0
"u1030SW,S1030SW ",1,0
FinePix SL240,1,0
SM-J610FN,3,0
Officejet Pro L7500,2,0
PLK-L01,1,0
MHS-CM1,1,0
SLT-A35,1,0
DLI-L22,1,0
SM-G800F,1,0
SCH-i920,1,0
Canon PowerShot D20,2,0
DMC-TS6,1,0
DSC-W690,2,0
DC-ZS80,1,0
FinePix F410,1,0
Canon PowerShot ELPH 300 HS,4,0
SM-G950U1,3,0
"FE340,X855,C560",1,0
KODAK Z760 ZOOM DIGITAL CAMERA,2,0
SGH-I337M,1,0
HERO5 Black,2,0
C-LUX 2,1,0
DMC-TZ31,1,0
X-Pro3,2,0
Photosmart M415,1,0
COOLPIX P530,2,0
NX mini,1,0
GT-X970,1,0
A880,1,0
Canon IXY DIGITAL 3000 IS,1,0
KOWA/SIX,1,0
SM-J510FN,1,0
Pixel 5,1,0
SCH-I500,1,0
SM-G925F,2,0
DMC-ZS20,5,0
FinePix S5Pro  ,1,0
"C40Z,D40Z",2,0
SM-F926U,1,0
STYLUS1,1,0
PENTAX K100D       ,2,0
KODAK DC3400 ZOOM DIGITAL CAMERA,1,0
u730/S730,1,0
COOLPIX P90  ,1,0
COOLPIX S2900,1,0
DMC-FX550,1,0
NX10,2,0
NIKON 1 J5,2,0
"u1040,S1040",1,0
FinePix AX655,1,0
KODAK EasyShare Z990 Digital Camera,4,0
moto g(60),1,0
PENTAX K-m,1,0
FC300X,1,0
DiMAGE Z20,1,0
PENTAX Optio WG-1 GPS,1,0
"u30D,S410D,u410D",3,0
Digital Cam,2,0
"u1010,S1010",2,0
COOLPIX P2,1,0
EX-S770,1,0
Nokia 6,1,0
HERO,1,0
Canon PowerShot A2400 IS,2,0
DMC-LX2,3,0
Canon EOS R10,1,0
E880,1,0
OpticFilm 120,3,0
C720UZ,1,0
"STYLUS1,1s",3,0
HERO4 Session,2,0
MD410Z3,2,0
iPhone 12 mini,1,0
"u1010,S1010     ",1,0
LEICA SL2,1,0
DSC-T90,1,0
DMC-FZ10,1,0
KODAK EASYSHARE Camera,1,0
M532,1,0
S2A,1,0
Canon DIGITAL IXUS 95 IS,1,0
GZ-HM320,1,0
Nikon SUPER COOLSCAN 4000 ED,2,0
FinePix Z10fd,1,0
EOS 1100D,1,0
DSC-T5,1,0
DMC-SZ3,1,0
Leaf Aptus-II 12(LI301417   )/Phase One 645DF/645AF,1,0
DSC-S500,2,0
DSC-RX100M7,1,0
HP pstc5500,1,0
"u700,S700       ",1,0
FinePix F810,1,0
Canon DIGITAL IXUS 950 IS,1,0
Pixel 4a (5G),2,0
Canon HV20,1,0
DMC-GM5,2,0
FinePix S8100fd,2,0
"uD600,S600",1,0
HB4116,1,0
SM-G998B,1,0
Konica Hexar RF,1,0
DSC-WX5,1,0
DSC-T20,1,0
DC-FZ85,1,0
SM-G991U,1,0
Canon PowerShot ELPH 135,1,0
Canon EOS M50m2,1,0
DiMAGE A1,2,0
Autocord,1,0
Canon PowerShot A3500 IS,1,0
OpticFilm 8200i,3,0
Pixel 2,3,0
C2-01,1,0
SAMSUNG WB650 / VLUU WB650 / SAMSUNG WB660,1,0
FinePix S5800 S800,3,0
CanoScan 8800F,3,0
DMC-FZ48,3,0
Canon PowerShot SD200,1,0
DSC-W220,2,0
LG-H870,1,0
CA004,1,0
HTC U11,1,0
Canon PowerShot ELPH 180,1,0
u5000                  ,1,0
CanoScan LiDE 100,2,0
GT-N7105,1,0
"FE210,X775",2,0
Canon EOS D30,2,0
SGH-I917,1,0
DSC-H300,2,0
SIGMA SD15,1,0
WB250F/WB251F/WB252F,1,0
Hasselblad X1D,2,0
SM-G925T,1,0
E-M1X,2,0
Canon IXUS 145,1,0
Canon PowerShot SD100,1,0
CLT-L09,1,0
FinePix S602 ZOOM,2,0
FinePixA204,1,0
COOLPIX S4,3,0
EX-H10     ,1,0
HP PhotoSmart R927  (V01.00),1,0
SM-G935T,2,0
DMC-FZ30,2,0
235,1,0
E-PL5           ,1,0
FinePix S5500,1,0
JAD-LX9,1,0
"VG130,D710",1,0
KODAK EASYSHARE M763 DIGITAL CAMERA,1,0
SAMSUNG ES73 / VLUU ES73 / SAMSUNG SL605,1,0
N93,1,0
Nokia Lumia 900,1,0
280,2,0
SZ-30MR,1,0
Yashica Mat EM,1,0
DSC-WX100,1,0
Canon PowerShot G1,4,0
FinePix F40fd,1,0
Canon PowerShot SX600 HS,3,0
KODAK EASYSHARE M530 Digital Camera,1,0
Canon EOS-1N,1,0
Pacemaker Crown Graphic,1,0
NEM-L51,1,0
D3100,1,0
FinePix A340,1,0
GR Digital     ,1,0
LEICA S (Typ 006),1,0
Canon DIGITAL IXUS 860 IS,1,0
FinePix Z1,2,0
FinePix A700,1,0
HERO6 Black,1,0
DSC-RX100M6,5,0
DMC-TZ19,1,0
Canon EOS Kiss X3,1,0
PENTAX MX-1,1,0
FinePix AX550,1,0
C4040Z,1,0
HTC_0P6B,1,0
COOLPIX S9200,2,0
KODAK CX7530 ZOOM DIGITAL CAMERA,2,0
FinePix S9000  ,1,0
SAMSUNG ST65 / VLUU ST65 / SAMSUNG ST67,1,0
Phone 2,1,0
Pixel 6 Pro,1,0
SP350,2,0
FinePix F440,1,0
DSC-W150,1,0
942P,1,0
GR DIGITAL 2   ,1,0
DC-8300,1,0
XT1032,1,0
Canon DIGITAL IXUS 200 IS,1,0
Perfection V800,1,0
SP570UZ,1,0
FinePix F460,1,0
FinePix S2980,1,0
E-M10MarkIV,1,0
K013,1,0
Canon PowerShot SD970 IS,1,0
OpticFilm 7300,1,0
E-1             ,1,0
LEICA M10-P,1,0
<VLUU L830  / Samsung L830>,1,0
COOLPIX W300,1,0
NEX-VG30,1,0
HTC One,1,0
COOLPIX P1,1,0
Canon DIGITAL IXUS 900Ti,1,0
DMC-FT3,1,0
STYLUS1         ,1,0
VSCOcam,1,0
Canon PowerShot SX70 HS,2,0
Zarya,1,0
DMC-LZ3,1,0
Lumia 640 XL Dual SIM,1,0
KODAK CX7430 ZOOM DIGITAL CAMERA,1,0
ILCE-7M4,2,0
MAMIYA ZD,1,0
Spotmatic II,1,0
SP600UZ,1,0
Moto C,1,0
Lumia 650,1,0
TG-830,1,0
IS-1,2,0
DiMAGE Z3,1,0
7610 series,1,0
FinePix XP130 XP131 XP135,1,0
SP-820UZ,1,0
DC-TZ220,2,0
PENTAX Optio E30,2,0
DMC-FT20,1,0
Canon PowerShot A60,1,0
Canon EOS-1D,2,0
moto z3,1,0
DMC-FH22,1,0
Canon DIGITAL IXUS 65,2,0
GT-I8260,1,0
SIGMA fp,1,0
Canon EOS 2000D,2,0
COOLPIX S9700,1,0
DSC-WX150,1,0
TS3100 series,1,0
Super 66,2,0
DMC-LS5,1,0
DC-FZ10002,1,0
E-600,1,0
MP240 series,1,0
FinePix S5Pro,2,0
SCH-S738C,1,0
FinePix JX560,1,0
Canon EOS Kiss Digital,1,0
SIGMA DP2S,1,0
Lumia 925,1,0
LG-VX8700,1,0
Samsung S850,1,0
DiMAGE X,1,0
X-E3,4,0
PENTAX Optio 550,1,0
HTC6525LVW,1,0
Moto G Play,2,0
SAMSUNG ES60 / VLUU ES60 / SAMSUNG SL105 / SAMSUNG ES63,1,0
E950,2,0
E-300           ,1,0
Hueless on iPhone,1,0
340,1,0
FinePix A500,1,0
DiMAGE 7i,1,0
367,1,0
KODAK DX6490 ZOOM DIGITAL CAMERA,2,0
EOS 1000D,1,0
RAINBOW LITE,1,0
PENTAX Optio S1,1,0
DMC-FX520,1,0
DMC-G81,1,0
DMC-GX7MK2,1,0
P 65+,1,0
DiMAGE 5,1,0
HTC One M8s,1,0
SM-G955F,2,0
DiMAGE X50,1,0
Canon PowerShot ELPH 130 IS,1,0
moto g stylus 5G,1,0
C700UZ,1,0
SM-S908U,1,0
DSC-V1,1,0
COOLPIX S52,1,0
MP560 series,1,0
MP550 series,1,0
DSC-W320,2,0
GXR S10,1,0
Canon PowerShot A1200,1,0
SM-G970F,1,0
Lumia 929,1,0
SLT-A77,1,0
DMC-FS5,1,0
Canon PowerShot A80,1,0
PENTAX *ist D      ,1,0
N86 8MP,1,0
SM-J727V,1,0
LG-F500S,1,0
Caplio R7,1,0
"E-20,E-20N,E-20P",1,0
 SAMSUNG WB550,1,0
WB560 / VLUU WB550 / SAMSUNG HZ15W,1,0
W800i,2,0
FinePix Z35,1,0
FinePix S6000fd,1,0
Automatic 100,1,0
D-Lux 7,1,0
PENTAX K-30        ,1,0
HP psc1200,1,0
FinePix F550EXR,2,0
DSC-W30,1,0
Canon PowerShot G5 X Mark II,1,0
KODAK EASYSHARE M1033 DIGITAL CAMERA,1,0
CLE,1,0
PerfectionV700,2,0
PENTAX Optio WG-1,1,0
SM-A725F,1,0
EX-S10,1,0
OpticFilm7600i,1,0
SM-G965F,1,0
NX1000,1,0
COOLPIX S200,2,0
DMC-ZS7,1,0
GT-S7580,1,0
DMC-TZ9,1,0
HP psc1300,1,0
HP PhotoSmart C945 (V01.52),1,0
XT1060,1,0
SM-G981U,2,0
SM-G930T,1,0
Canon IXY DIGITAL 400,1,0
Canon EOS 250D,3,0
Smena-8M,1,0
DMC-ZS1,3,0
C6903,1,0
EX-Z40,1,0
PictureGear,1,0
Oggl,1,0
Canon DIGITAL IXUS 75,2,0
& Pixite Fragment,1,0
SM-J530Y,1,0
SM-N950W,1,0
FC2103,1,0
Canon PowerShot A495,1,0
TS3400 series,1,0
DSC-W130,1,0
PENTAX Optio M10,1,0
COOLPIX AW130,1,0
COOLPIX S9050,1,0
FinePix F60fd  ,1,0
DSLR-A560,1,0
Canon EOS Rebel T7,2,0
PENTAX Q-S1,1,0
LEICA M11,1,0
DigitalCAM,1,0
S2 Film Scanner,2,0
CX3,1,0
EX-Z850,2,0
DMC-FH5,1,0
SM-N960U,1,0
"uT8000,ST8000",1,0
KODAK C360 ZOOM DIGITAL CAMERA,2,0
Canon EOS M2,1,0
DMC-LX15,3,0
SAMSUNG-SM-N910A,1,0
FC3582,2,0
EX-ZR100,1,0
FinePix J210,1,0
Lumia 1520,1,0
Olympus OM-1,1,0
SIGMA SD1,1,0
PENTAX X70,2,0
XF1,1,0
HP PhotoSmart 715,1,0
COOLPIX S3700,1,0
Lumia 950 XL,1,0
COOLPIX S5200,1,0
Scan Elite II,1,0
Canon DIGITAL IXUS 870 IS,1,0
DSC,1,0
iPad mini,1,0
SM-G965U1,1,0
DMC-LZ7,1,0
SIGMA DP1,1,0
SM-G900H,2,0
NX30,2,0
Film Scanner,1,0
D200,1,0
SAMSUNG SL620,1,0
C3-00,1,0
FinePix2800ZOOM,2,0
WB800F,1,0
COOLPIX S600,1,0
KODAK EASYSHARE C653 ZOOM DIGITAL CAMERA,2,0
COOLPIX L3,1,0
5800 Xpres,1,0
Canon IXUS 125 HS,1,0
iPod Touch,1,0
C3030Z,1,0
EX-S600,1,0
COOLPIX L28,1,0
COOLPIX S3100,1,0
"FE4000,X920,X925",1,0
Canon PowerShot ELPH 510 HS,1,0
DC-G90,1,0
Canon K2,1,0
Digimax A7/Kenox D7,1,0
KODAK EASYSHARE C743 ZOOM DIGITAL CAMERA,1,0
Sinar p3 / f3,1,0
HP Photosmart M540,1,0
sd Quattro H,2,0
Canon IXY DIGITAL 900 IS,1,0
LS-50,2,0
MX-2700,1,0
GT-I9506,1,0
Perfection V550,1,0
Canon PowerShot A400,1,0
DYNAX 5D,1,0
DSC-U30,1,0
"iPhone10,5",1,0
YDXJ 1,1,0
Canon IXUS 265 HS,1,0
SM-C111,1,0
K20D,1,0
G8441,1,0
"X550,D545Z,C480Z",1,0
Scanjet G4050,1,0
OpticFilm 7600i,1,0
FinePix 3800,1,0
PENTAX K-3 II      ,1,0
Studio,1,0
HP psc1500,1,0
DSC-W730,1,0
LiDE 210,1,0
SLA-L22,1,0
J4,1,0
Canon DIGITAL IXUS 55,1,0
Canon DIGITAL IXUS 400,1,0
"FE4020,X940     ",1,0
KODAK EASYSHARE C613 ZOOM DIGITAL CAMERA,1,0
KODAK C330 ZOOM DIGITAL CAMERA,1,0
Caplio R4,1,0
FinePix F47fd  ,1,0
Photosmart M407,1,0
FinePix Z20fd,1,0
FinePix6900ZOOM,1,0
EX1    ,1,0
Yashica Mat-124G,1,0
PENTAX Optio330RS,1,0
Yashica Mat 124,1,0
Canon PowerShot ELPH 115 IS,1,0
E-P3            ,1,0
KODAK EASYSHARE C180 Digital Camera,1,0
PureShot for Apple iPhone 5s,1,0
FinePix S5200  ,1,0
DSC-QX10,1,0
ST66 / ST68,1,0
Canon DIGITAL IXUS 750,1,0
Canon PowerShot SD770 IS,1,0
FinePix Z3,1,0
ST150F/ST151F/ST152F,1,0
HTC Vision,1,0
iPad Pro (10.5-inch),1,0
Nexus One,1,0
COOLPIX P100   ,1,0
COOLPIX L1,1,0
"X200,D560Z,C350Z",1,0
SM-T520,1,0
"u740,S740",1,0
GT-I9000,1,0
SM-G973U1,1,0
COOLPIX S70,1,0
W980,1,0
SM-J710F,1,0
Camera,1,0
HP PhotoSmart 315,1,0
EX-S20,1,0
FRD-L09,1,0
503CX,1,0
COOLPIX L840,0,7
COOLPIX S3300,0,5
Canon DIGITAL IXUS 750,0,8
iPhone XS,0,4
Canon EOS 5D,0,177
Canon EOS-1D Mark III,0,17
NIKON D7000,0,574
Canon EOS 5D Mark II,0,623
NIKON D70s,0,79
SM-G361F,0,1
ILCE-6000,0,197
Canon EOS DIGITAL REBEL XSi,0,191
FinePix S5Pro,0,7
D5100,0,1
NIKON D50,0,182
Canon EOS 600D,0,351
Canon EOS 5D Mark III,0,469
Canon EOS DIGITAL REBEL XS,0,112
iPhone 4S,0,96
d-lab.2/3,0,7
Canon EOS DIGITAL REBEL XTi,0,259
NIKON D3100,0,409
SLT-A99V,0,19
DSC-P52,0,8
NIKON D5200,0,205
NIKON D3400,0,46
iPhone,0,54
Canon EOS 40D,0,266
Canon EOS REBEL T3i,0,286
QSS-32_33,0,36
Canon EOS Rebel T6,0,52
NIKON D610,0,136
iPhone 7,0,38
SM-C115,0,1
Canon EOS 70D,0,310
SM-G900I,0,1
Canon EOS 400D DIGITAL,0,306
PerfectionV700,0,11
NIKON D700,0,208
PENTAX K10D        ,0,5
Canon EOS M3,0,12
DSC-W35,0,8
Canon EOS 20D,0,144
PENTAX Optio RZ10,0,2
DSLR-A350,0,33
NIKON D3000,0,199
NIKON D90,0,576
Canon EOS Kiss X2,0,12
DSC-W55,0,27
NIKON D3300,0,196
Canon EOS 450D,0,281
Canon EOS REBEL T3,0,106
NIKON D80,0,376
Canon EOS 7D,0,578
Canon EOS 60D,0,479
DMC-FT4,0,1
SLT-A65V,0,70
NIKON D7100,0,380
NIKON D2H,0,2
NIKON D5100,0,390
Canon PowerShot G7,0,22
E-M5,0,87
Canon EOS 100D,0,68
Canon PowerShot SD550,0,13
EX-S500,0,5
DSLR-A700,0,34
Canon PowerShot A95,0,13
Canon EOS 550D,0,270
Canon PowerShot G2,0,13
NIKON D750,0,242
DMC-FZ100,0,16
DMC-TZ3,0,26
Canon EOS 500D,0,180
VLUU ST50/ SAMSUNG ST50,0,2
ILCA-77M2,0,20
NIKON D200,0,126
E-M1,0,87
COOLPIX P510,0,61
COOLPIX S9100,0,4
Canon PowerShot SX120 IS,0,20
NIKON D5500,0,82
Canon EOS 6D,0,492
DMC-LZ5,0,3
NIKON D600,0,140
DSLR-A550,0,19
DMC-FZ30,0,15
Canon PowerShot G1 X Mark II,0,5
KODAK EASYSHARE Z950 DIGITAL CAMERA,0,2
FinePix A820,0,3
PENTAX K-5 II s,0,16
Canon EOS 10D,0,30
Canon PowerShot SD600,0,18
DSLR-A390,0,9
"FE170,X760",0,4
FinePix HS20EXR,0,23
E-500,0,38
Canon EOS Rebel T6i,0,47
SP-3000,0,43
DSC-HX50V,0,7
NEX-7,0,32
DMC-FX60,0,3
GR DIGITAL 2   ,0,2
NIKON D5300,0,171
VTR-L29,0,2
Canon EOS REBEL T2i,0,206
FinePix S4000,0,9
Canon PowerShot SX130 IS,0,26
DMC-LX100,0,17
NV11,0,1
VLUU NV11,0,1
NIKON D40,0,268
NIKON D3200,0,332
NIKON D7200,0,204
C7070WZ,0,2
PENTAX K-3,0,40
Canon PowerShot A2300,0,4
Canon EOS REBEL T5,0,44
Canon PowerShot SX210 IS,0,13
OpticFilm 8100,0,5
NIKON D70,0,121
NIKON D800,0,198
Canon EOS 50D,0,205
DSC-W50,0,13
PENTAX K10D,0,31
Canon EOS REBEL T4i,0,47
Canon EOS 350D DIGITAL,0,165
PENTAX K-S2,0,5
iPhone 5c,0,31
Canon EOS 80D,0,89
X-Pro1,0,31
"uD800,S800",0,3
Canon EOS DIGITAL REBEL XT,0,186
DMC-GH2,0,9
NEX-5T,0,19
iPhone 5,0,106
Hasselblad H2D-39,0,2
"C3100Z,C3020Z",0,3
DMC-GF1,0,17
HP Scanjet e709n,0,1
COOLPIX L3,0,5
COOLPIX P7100,0,3
Canon EOS 1000D,0,131
KODAK Z812 IS ZOOM DIGITAL CAMERA,0,8
"u10D,S300D,u300D",0,7
iPhone SE,0,35
GT-N7000,0,4
NIKON D300S,0,73
KODAK EasyShare Z981 Digital Camera,0,6
Canon PowerShot G7 X Mark II,0,10
Canon PowerShot SX20 IS,0,20
FinePix XP80 XP81 XP85,0,1
iPhone 6,0,102
NIKON D5000,0,209
KODAK EasyShare Z990 Digital Camera,0,4
DSC-RX10M4,0,7
Canon EOS-1D X,0,34
NEX-6,0,35
X-M1,0,14
DMC-LX5,0,17
DSC-F828,0,25
Canon PowerShot SD890 IS,0,2
Canon PowerShot G9,0,43
X-T1,0,116
PENTAX Optio S50,0,1
E-M5MarkII,0,33
Canon PowerShot S5 IS,0,62
"u750,S750",0,2
Canon PowerShot A710 IS,0,16
iPhone 4,0,91
X-T3,0,19
Canon PowerShot A400,0,5
DMC-FX2,0,1
DV5300SE,0,1
NIKON D850,0,75
PENTAX K20D,0,28
Canon PowerShot SX10 IS,0,40
X10,0,23
Canon PowerShot G11,0,34
E4600,0,12
FC300X,0,2
Canon PowerShot S50,0,10
COOLPIX L110,0,19
ILCE-7,0,83
Canon EOS 1200D,0,74
KODAK Z712 IS ZOOM DIGITAL CAMERA,0,11
X20,0,15
FE230/X790             ,0,1
Canon EOS 1100D,0,160
Canon PowerShot SD700 IS,0,11
NIKON D60,0,205
FinePix S5700 S700,0,33
DMC-FS5,0,3
NX300,0,13
iPhone 5s,0,80
NIKON D40X,0,126
NIKON D5600,0,22
iPad mini,0,7
LG-D855,0,10
NIKON D4,0,34
X-E2,0,46
Canon DIGITAL IXUS 950 IS,0,4
Canon DIGITAL IXUS 55,0,10
Canon PowerShot SX110 IS,0,21
HUAWEI-M931,0,1
Canon PowerShot SX240 HS,0,4
Canon EOS 4000D,0,6
Canon EOS 30D,0,113
Canon DIGITAL IXUS 70,0,8
FinePix S9500,0,20
NIKON 1 J2,0,4
GR Digital,0,6
NIKON D800E,0,43
SLT-A58,0,48
COOLPIX P330,0,5
NIKON D300,0,242
FinePix S1000fd,0,17
Canon PowerShot SD800 IS,0,16
Canon EOS 5DS R,0,24
DSLR-A100,0,69
ILCE-7M2,0,92
Canon EOS DIGITAL REBEL,0,61
Canon EOS 1300D,0,36
Caplio R4,0,2
DMC-FZ1000,0,23
SM-G960U1,0,1
DMC-TZ5,0,22
Canon EOS REBEL SL1,0,18
SM-G386T1,0,1
DSC-W7,0,14
Canon PowerShot SD900,0,8
E-M10,0,60
DMC-FZ8,0,19
"X100,D540Z,C310Z",0,9
PENTAX K-5,0,70
iPhone 6 Plus,0,27
Test_Pro,0,10
Canon PowerShot A430,0,6
NIKON D810,0,110
"C160,D395",0,1
Canon PowerShot SD300,0,10
DSLR-A200,0,75
Canon PowerShot S100,0,18
DiMAGE S414,0,4
Canon PowerShot A85,0,10
DMC-FH25,0,2
KODAK Z650 ZOOM DIGITAL CAMERA,0,11
COOLPIX L25,0,4
Canon EOS-1D Mark IV,0,25
DSC-T10,0,6
ILCE-7M3,0,36
E-PL1,0,23
DSC-P32,0,7
ILCE-7RM4,0,4
ADR6300,0,3
KODAK Z1285 ZOOM DIGITAL CAMERA,0,4
Canon EOS 300D DIGITAL,0,45
FinePix S4800,0,3
Canon EOS 7D Mark II,0,134
X-E1,0,40
DSC-W310,0,7
ILCE-7R,0,41
FC300XW,0,1
COOLPIX S60,0,2
Canon PowerShot S2 IS,0,55
DSC-RX100,0,59
FinePix F200EXR,0,4
Canon EOS REBEL T5i,0,51
PENTAX *ist DL,0,7
Canon PowerShot SX220 HS,0,4
Canon PowerShot SX510 HS,0,9
E-PL2,0,7
DSC-V1,0,6
HUAWEI GRA-L09,0,2
EX-Z65,0,1
COOLPIX S210,0,12
Canon PowerShot SX100 IS,0,29
NEX-C3,0,7
SIGMA SD14,0,3
SM-J510FN,0,2
ILCE-7RM2,0,66
NEX-5,0,28
Canon PowerShot SX150 IS,0,16
185,0,1
PENTAX Optio M50,0,2
NIKON Df,0,30
Canon IXY DIGITAL 70,0,2
DMC-LZ1,0,4
X-T20,0,19
SM-G900W8,0,4
DSC-P200,0,21
FinePix HS30EXR,0,9
PENTAX K200D,0,33
SM-N910C,0,2
PENTAX Optio 550,0,2
NEX-5N,0,34
DSLR-A300,0,38
DMC-TZ70,0,10
Canon PowerShot A1200,0,5
Canon EOS-1D Mark II N,0,10
Canon EOS 200D,0,8
X-T2,0,48
E8700,0,7
FinePix S1500,0,5
iPhone 7 Plus,0,32
Canon PowerShot G15,0,18
GT-I9505,0,13
PENTAX K-x,0,38
Canon PowerShot S95,0,23
Canon PowerShot A1300,0,1
Canon IXUS 220HS,0,3
Canon IXUS 230 HS,0,3
KODAK EASYSHARE C190 DIGITAL CAMERA,0,2
Canon PowerShot G1,0,1
ILCE-5100,0,15
NIKON D500,0,54
Canon PowerShot SD870 IS,0,6
PENTAX K-r,0,29
X-Pro2,0,18
X-T10,0,32
C700UZ,0,5
Canon EOS 700D,0,168
NIKON D3S,0,23
Canon PowerShot SX40 HS,0,50
HP PhotoSmart 715,0,2
FinePix F31fd,0,6
COOLPIX L820,0,15
DSC-S950,0,3
KODAK EASYSHARE M550 Digital Camera,0,3
PENTAX K-1,0,20
SIGMA dp0 Quattro,0,4
DMC-TZ56,0,1
DSC-RX100M6,0,3
"FE280,X820,C520",0,7
DMC-FZ38,0,26
SLT-A37,0,13
NX11,0,2
DSC-T700,0,3
DMC-FZ200,0,32
DSC-W80,0,15
E-30            ,0,1
DMC-TZ20,0,20
FinePix1300,0,2
DMC-FX12,0,5
X100S,0,40
KODAK DX7440 ZOOM DIGITAL CAMERA,0,4
FinePix S7000 ,0,3
XT1562,0,3
"C150,D390",0,2
Canon DIGITAL IXUS 100 IS,0,8
Canon EOS 650D,0,89
Canon PowerShot SX530 HS,0,11
Canon PowerShot A700,0,7
DSC-H9,0,17
Nikon SUPER COOLSCAN 5000 ED,0,4
DMC-FZ40,0,6
Canon EOS M,0,22
Canon PowerShot G3,0,9
Canon PowerShot A1000 IS,0,15
COOLPIX P900,0,27
Canon EOS REBEL T1i,0,115
EZ Controller,0,18
"FE5010,X915",0,1
Canon PowerShot SX50 HS,0,53
DMC-FZ7,0,23
COOLPIX L340,0,2
Nexus 5,0,14
EX-P700,0,2
Canon PowerShot SX30 IS,0,37
G3221,0,1
DMC-GH1,0,7
DMC-FZ300,0,2
Canon IXUS 125 HS,0,3
SM-T800,0,1
FinePix HS35EXR,0,2
DSC-S930,0,8
"u850SW,S850SW",0,2
"C4100Z,C4000Z",0,8
NEX-F3,0,7
Lumia 630 Dual SIM,0,1
Canon PowerShot S3 IS,0,111
E-M10MarkII,0,34
DSC-P72,0,9
DMC-LX3,0,23
M9 Digital Camera,0,26
FinePix F480,0,2
"C830L,D340R",0,1
Canon EOS M5,0,9
DSC-W380,0,3
SP-2000,0,27
NIKON D3,0,33
DMC-FZ72,0,43
FinePix S2000HD,0,9
Canon PowerShot A520,0,17
DMC-FZ50,0,21
FinePix F810,0,5
DSC-H55,0,8
E-M1MarkII,0,25
KODAK EASYSHARE M340 Digital Camera,0,2
Canon PowerShot SX200 IS,0,9
Canon PowerShot SD850 IS,0,11
Canon PowerShot G12,0,22
GX-1L,0,2
FinePix F455   ,0,1
Canon PowerShot A620,0,17
COOLPIX S7000,0,8
E-600,0,2
FinePix S9600,0,8
Canon PowerShot A20,0,3
iPad 2,0,2
FinePix J10,0,5
EX-S600,0,5
ILCE-6600,0,4
LEICA M (Typ 240),0,15
FinePix SL260,0,1
KODAK EASYSHARE C813 ZOOM DIGITAL CAMERA,0,11
"X-3,C-60Z",0,5
DMC-FZ28,0,39
Canon EOS 750D,0,36
COOLPIX L20,0,5
Canon PowerShot G16,0,18
iPhone 11 Pro,0,9
RICOH GR III,0,4
DSC-T200,0,5
DSLR-A500,0,12
DSC-W100,0,10
COOLPIX P2,0,13
SAMSUNG GX20,0,4
GFX 50R,0,1
DSC-S500,0,1
Canon PowerShot SD630,0,13
ILCE-3000,0,21
DMC-FZ10,0,3
FinePix Z20fd,0,3
Canon PowerShot A480,0,6
SLT-A33,0,9
"Kindle Fire HDX 8.9""",0,1
NEX-3N,0,6
Prestigio,0,1
SM-G960F,0,2
Canon PowerShot SD100,0,4
PENTAX K-3 II,0,13
MP240 series,0,1
GR II,0,4
EX-Z80,0,3
SLT-A77V,0,60
DMC-LX7,0,8
Canon PowerShot SX160 IS,0,7
FinePix S5500,0,11
DMC-FZ18,0,30
GT-I9060,0,1
SM-C7000,0,1
ALE-L21,0,3
DMC-FZ150,0,16
SM-G7105L,0,1
E-450,0,4
FinePix S5800 S800,0,7
MD86732,0,1
5130c-2,0,1
Canon EOS Kiss Digital X,0,16
Canon PowerShot SD750,0,15
E-M10 Mark III,0,4
ILCE-7M4,0,2
Nexus S,0,1
E-PL5,0,20
Canon DIGITAL IXUS 50,0,9
SM-J730GM,0,2
KODAK Z740 ZOOM DIGITAL CAMERA,0,22
Canon PowerShot SX260 HS,0,15
SCH-I545,0,5
FinePix SL1000,0,5
Canon PowerShot SX610 HS,0,7
HP Scanjet djf300,0,1
Canon PowerShot SD450,0,19
STYLUS1         ,0,2
COOLPIX S9700,0,1
DSC-W210,0,8
Canon EOS 5D Mark IV,0,84
X100T,0,29
DMC-LZ7,0,6
KODAK C310 DIGITAL CAMERA,0,1
LG-E400,0,1
LC-A,0,1
"FE340,X855,C560",0,2
Nikon D3200,0,1
NEM-L51,0,3
DSC-R1,0,8
PEN-F,0,13
Redmi 3S,0,3
Canon DIGITAL IXUS 65,0,8
CYBERSHOT,0,68
<Samsung D70 / D75 / S730 / S750>,0,5
GT-I9300,0,21
COOLPIX S3000,0,3
DSC-H2,0,17
GT-I9000,0,5
NIKON 1 J1,0,9
Canon EOS M6,0,5
KODAK EASYSHARE Z915 DIGITAL CAMERA,0,6
SAMSUNG WB650 / VLUU WB650 / SAMSUNG WB660,0,3
NIKON Z 6,0,3
DMC-G10,0,7
COOLPIX L18,0,9
DMC-GX7,0,22
CD MAVICA,0,2
Canon EOS 77D,0,20
N95 8GB,0,3
DSLR-A230,0,20
KODAK LS753 ZOOM DIGITAL CAMERA,0,5
E-500           ,0,9
DMC-ZS25,0,2
DMC-GX7MK2,0,3
Kodak CLAS Digital Film Scanner / HR200,0,3
Canon EOS-1Ds Mark II,0,18
DSC-H5,0,23
FinePix A203,0,2
Canon DIGITAL IXUS 85 IS,0,3
FinePix S3Pro,0,3
DMC-LX2,0,11
E880,0,1
COOLPIX S9900,0,3
Canon PowerShot S90,0,16
"FE210,X775",0,4
EX-Z2300,0,1
SLT-A55V,0,31
LT25i,0,1
DMC-TZ100,0,3
E-510           ,0,7
iPhone 8 Plus,0,15
N70-1,0,4
272,0,2
PENTAX K-7,0,18
GT-I9100,0,10
Nexus 6,0,1
Canon PowerShot SD500,0,15
"FE47,X43",0,1
E8800,0,7
KODAK P712 ZOOM DIGITAL CAMERA,0,2
DSC-HX10V,0,2
GT-I9305,0,2
FinePix40i,0,1
HERO4 Session,0,1
PENTAX K-50,0,25
Canon EOS R,0,13
E3700,0,2
Canon EOS M10,0,2
NIKON D2X,0,17
COOLPIX P80  ,0,5
Oregon 550t,0,6
Lumia 925,0,2
LS-9000,0,4
TG-4,0,7
COOLPIX S3600,0,9
Canon PowerShot A420,0,6
EVA-L09,0,4
E-510,0,30
DMC-TZ60,0,17
SPH-D710,0,1
SLP1000SE,0,8
NX1,0,4
Canon PowerShot A40,0,5
DSC-W40,0,2
DMC-FZ5,0,13
DSC-T20,0,6
COOLPIX P5100,0,6
COOLPIX L10,0,7
DSC-RX100M4,0,13
SM-G925I,0,2
Canon EOS-1Ds Mark III,0,26
DMC-TZ40,0,18
PENTAX Optio E50,0,1
DSC-H50,0,24
X30,0,5
Canon PowerShot S30,0,5
SP-1500,0,3
HP PhotoSmart C935 (V03.40),0,2
PENTAX *ist DL2,0,2
Canon DIGITAL IXUS 80 IS,0,17
BlackBerry 9320,0,1
FinePix S100FS,0,3
COOLPIX L24,0,2
KODAK EASYSHARE M753 ZOOM DIGITAL CAMERA,0,2
XZ-1,0,11
COOLPIX S6150,0,2
iPad,0,9
VH210,0,2
Canon PowerShot A530,0,22
Canon PowerShot SD1000,0,15
X-A1,0,5
SM-G920F,0,14
KODAK CX7525 ZOOM DIGITAL CAMERA,0,2
COOLPIX S8100  ,0,3
SM-G920V,0,3
PENTAX K110D,0,2
Canon PowerShot A75,0,15
"C300Z,D550Z",0,5
LEICA X2,0,4
E-420,0,19
PENTAX K100D Super,0,9
E72-1,0,3
Pre,0,1
NIKON D7500,0,30
E3200,0,13
iPhone 6s,0,65
"FE330,X845,C550",0,1
DSC-HX5V,0,6
A1230,0,2
TG-610,0,1
iPhone 8,0,18
COOLPIX S550,0,6
Canon PowerShot A570 IS,0,9
DMC-GX80,0,7
Canon PowerShot G10,0,38
ILCE-7RM3,0,33
FC6310,0,3
DSC-RX100M3,0,20
E-400,0,6
LT26w,0,1
DSC-W290,0,12
DC-G9,0,8
Canon IXY DIGITAL 910 IS,0,5
PDR-3320,0,1
Samsung L201 / VLUU L201,0,2
DSC-W350,0,7
EX-S5,0,1
SZ-30MR,0,1
Canon DIGITAL IXUS 500,0,4
EX-Z60,0,1
COOLPIX L2,0,5
SM-G955U,0,3
KODAK EASYSHARE CX7300 DIGITAL CAMERA,0,4
E-PL6,0,4
DiMAGE Z1,0,4
SAMSUNG-SM-G900A,0,4
COOLPIX S570,0,8
GR,0,33
FinePix S6500fd,0,18
FinePix S2000HD S2100HD,0,7
DigitalCam Pro,0,2
XT1033,0,1
FinePix S3200,0,5
MAXXUM 5D,0,5
iPhone 3GS,0,29
Canon PowerShot S80,0,7
"u725SW,S725SW",0,1
COOLPIX S5300,0,1
DMC-LS80,0,5
Canon PowerShot SX410 IS,0,5
RICOH GX200,0,2
"SAMSUNG PL120,PL121 / VLUU PL120,PL121",0,2
Canon PowerShot SX400 IS,0,8
PENTAX *ist DS,0,7
HP PhotoSmart R507 (V01.00)d,0,2
SAMSUNG ES25,0,1
ES27 / VLUU ES25,0,1
ES27 / SAMSUNG SL45,0,1
SM-J500FN,0,1
COOLPIX S3100,0,8
FinePix F20,0,3
KODAK EasyShare Z981 Digital Camera     ,0,2
DMC-G3,0,22
DSC-T100,0,11
E990,0,7
"C2Z,D520Z,C220Z",0,5
P905i,0,1
Lumia 730 Dual SIM,0,1
DMC-L1,0,1
X-H1,0,3
NIKON D3500,0,11
PENTAX K-5 II,0,12
DMC-GX1,0,16
KODAK C875 ZOOM DIGITAL CAMERA,0,1
"FE220,X785",0,4
PENTAX Optio S5i ,0,3
SAMSUNG i70,0,1
X500,0,1
E5200,0,10
SGH-i900,0,1
ONEPLUS A3003,0,1
Canon PowerShot A650 IS,0,9
DiMAGE E323,0,1
Canon PowerShot A580,0,4
SP590UZ,0,6
DSC-W800,0,3
Canon DIGITAL IXUS 75,0,13
Canon DIGITAL IXUS 900Ti,0,2
HP ScanJet 4600,0,1
SIGMA DP3 Merrill,0,5
A1455,0,1
KODAK P880 ZOOM DIGITAL CAMERA,0,2
iPhone X,0,17
vivo 1723,0,1
Nikon SUPER COOLSCAN 4000 ED,0,2
Canon PowerShot SX60 HS,0,48
E1030,0,1
DMC-FS42,0,1
Canon EOS 6D Mark II,0,32
"u-miniD,Stylus V",0,5
PENTAX K-30,0,27
DSC-W330,0,4
LG-H870DS,0,1
KODAK DC240 ZOOM DIGITAL CAMERA,0,1
Canon DIGITAL IXUS 60,0,6
KODAK PlaySport Video Camera,0,2
Zx3,0,2
Canon PowerShot A630,0,13
SM-C900F,0,2
K750i,0,7
KODAK C340 ZOOM DIGITAL CAMERA,0,4
DSC-HX9V,0,12
WB150 / WB150F / WB152 / WB152F / WB151 / WB151F / WB140,0,3
FinePix X100,0,36
KODAK EASYSHARE V803 ZOOM DIGITAL CAMERA,0,3
KODAK EASYSHARE CX6200 DIGITAL CAMERA,0,3
Canon EOS Rebel SL2,0,3
Canon PowerShot A720 IS,0,38
DSC-HX200V,0,10
DMC-GF3,0,16
KODAK EASYSHARE Z8612 IS Digital Camera,0,6
FinePix S5600,0,15
E5700,0,11
NIKON D3X,0,5
KODAK LS443 ZOOM DIGITAL CAMERA,0,3
PENTAX K-S1,0,3
Canon PowerShot S1 IS,0,10
OpticFilm 7200,0,1
SGH-I9220,0,1
DMC-TZ7,0,13
FinePix Z1,0,4
Lumia 540 Dual SIM,0,1
NIKON D100 ,0,6
SAMSUNG ES73 / VLUU ES73 / SAMSUNG SL605,0,3
DYNAX 5D,0,7
FE190/X750,0,3
DMC-TZ25,0,6
E-PM2,0,12
V2_Viper_I_TM,0,1
hp PhotoSmart 43x series,0,2
HDC-856E,0,1
PENTAX Optio LS1100,0,1
VS980 4G,0,6
MB860,0,3
vivo 1611,0,1
KODAK EASYSHARE C1013 DIGITAL CAMERA,0,16
KODAK EASYSHARE M1073 IS DIGITAL CAMERA,0,1
COOLPIX L12,0,3
Canon EOS D60,0,9
E995,0,6
COOLPIX L31,0,1
DMC-FS15,0,2
Samsung S850,0,4
SM-N900V,0,1
DSC-H10,0,10
FinePix A205,0,3
NIKON D100,0,9
KODAK V705 DUAL LENS DIGITAL CAMERA,0,1
5800 Xpres,0,6
PerfectionV600,0,1
Canon PowerShot S400,0,8
SGH-T999,0,2
252,0,1
Moto G (4),0,3
C730UZ,0,4
Canon DIGITAL IXUS 90 IS,0,6
DSC-RX1R,0,3
W610i,0,1
DMC-GM1,0,4
DSC-P92,0,5
Canon EOS Kiss X7,0,6
GT-I8262,0,2
ILCE-5000,0,21
iPhone 6s Plus,0,16
WB250F/WB251F/WB252F,0,4
"FE270,X815,C510",0,3
FinePix S5000,0,11
DSLR-A900,0,14
ILCE-6300,0,30
FinePix S2500HD,0,4
KODAK CX6330 ZOOM DIGITAL CAMERA,0,8
COOLPIX L110   ,0,1
Nexus 5X,0,3
SLT-A35,0,9
"u1040,S1040            ",0,1
Canon DIGITAL IXUS 120 IS,0,2
DMC-G5,0,11
SM-N950F,0,2
LG-H815,0,3
A853,0,1
CLT-L29,0,4
DC-S1R,0,1
VS835,0,1
DMC-ZS19,0,3
DMC-ZS20,0,3
KODAK DX6490 ZOOM DIGITAL CAMERA,0,11
DSC-T77,0,5
DMC-LZ2,0,6
DMC-FZ70,0,11
DSC-H1,0,20
DMC-G1,0,15
GR DIGITAL 2,0,4
COOLPIX L120,0,11
DSC-T7,0,5
HP Scanjet dj_d02c,0,1
DSC-TX1,0,1
Canon PowerShot ELPH 330 HS,0,1
PENTAX K-30        ,0,5
"u30D,S410D,u410D",0,7
Canon IXUS 170,0,1
PENTAX Q7,0,4
DiMAGE X21,0,1
DMC-TZ10,0,13
COOLPIX S7c,0,3
Canon EOS Kiss X4,0,20
FinePix AV120,0,2
COOLPIX P530,0,9
COOLPIX P50  ,0,1
SAMSUNG ES70,0,4
ES71 / VLUU ES70,0,4
ES71 / SAMSUNG SL600,0,4
C725UZ,0,2
Canon PowerShot SD1100 IS,0,27
COOLPIX L810,0,10
COOLPIX S8000,0,5
E-3,0,18
COOLPIX P80,0,14
NX3000,0,7
C (Typ 112),0,3
N900,0,1
P5_eMagic,0,1
FinePix Z85/Walmart,0,1
iPhone 3G,0,10
Canon PowerShot G1 X,0,11
FinePix S8500,0,4
SM-A500FU,0,4
Canon DIGITAL IXUS 430,0,4
COOLPIX S5,0,4
DC-GX800,0,1
E-410,0,25
TG-820,0,3
ONEPLUS A5000,0,2
DROIDX 5bb400017ff00000015a9ca61400e029,0,1
Canon PowerShot A590 IS,0,28
DSC-W70,0,12
DSC-W300,0,9
SPH-A900,0,2
SAMSUNG,0,3
"
ICAiAg==
",0,1
DSC-WX5,0,2
Frontier SP500,0,2
DiMAGE A2,0,2
PENTAX Optio M90,0,1
GT-S6310N,0,1
SP350,0,3
Canon PowerShot SX170 IS,0,7
GT-I8190,0,2
HP oj5500,0,1
Canon IXY DIGITAL 700,0,2
COOLPIX P600,0,15
DMC-TZ41,0,2
D-LUX2,0,1
COOLPIX L4,0,4
DMC-SZ1,0,2
"VG160,X990,D745",0,2
NIKON 1 J4,0,3
FinePix S1000fd   ,0,3
CYBERSHOT U,0,1
Pro 815    ,0,1
DMC-FX30,0,4
COOLPIX S200,0,2
COOLPIX P7000,0,4
Canon PowerShot A1100 IS,0,8
SGH-I337M,0,1
FinePix2650,0,3
FinePix S5200,0,3
SM-G935F,0,10
DMC-FT2,0,1
Canon PowerShot S45,0,4
DMC-G6,0,13
Canon EOS-1D X Mark II,0,13
PENTAX Optio W90,0,1
NEX-5R,0,17
KODAK Z612 ZOOM DIGITAL CAMERA,0,4
DMC-FS62,0,2
SM-S902L,0,1
FinePix S2950,0,5
EX-Z57,0,4
PENTAX K-r         ,0,3
COOLPIX L1,0,5
EX-Z1200   ,0,1
Canon PowerShot SX600 HS,0,3
DSC-T70,0,4
Canon PowerShot SX280 HS,0,4
Canon PowerShot SD110,0,4
LEICA M10,0,4
Canon DIGITAL IXUS 960 IS,0,5
DMC-FS8,0,1
X-T30,0,1
COOLPIX S4000,0,5
EX-Z4  ,0,1
SLT-A57,0,18
iPhone 11,0,7
DSC-HX400V,0,14
DMC-FZ48,0,5
Canon EOS Kiss X5,0,18
DMC-FZ330,0,2
Arapaho,0,1
LG-H850,0,2
DMC-FX9,0,3
Canon PowerShot ELPH 130 IS,0,2
340,0,1
NIKON D2Xs,0,2
DMC-FZ35,0,25
Canon PowerShot SD790 IS,0,6
DSC-N1,0,11
PENTAX K-50        ,0,1
DSC-W120,0,12
COOLPIX S560,0,4
V-LUX 1,0,3
PENTAX Optio 555,0,3
SM-A520F,0,5
DiMAGE 7i,0,2
HP psc1600,0,1
SAMSUNG I8510,0,1
E-PM1,0,7
"FE4030,X950",0,2
KODAK V610 DUAL LENS DIGITAL CAMERA,0,4
N85,0,1
DSC-QX10,0,2
FinePix AV200,0,1
iPhone 13 Pro,0,2
DCR-HC94E,0,1
DSC-H7,0,11
SAMSUNG GX10,0,6
DMC-GH3,0,8
KODAK Z700 ZOOM DIGITAL CAMERA,0,4
DSC-W320,0,14
COOLPIX L11,0,6
VSCOcam,0,1
Canon PowerShot S330,0,2
F8331,0,2
DSC-WX100,0,4
DSC-HX100V,0,14
E-P3,0,5
DMC-G7,0,11
SAMSUNG-SM-N900A,0,1
DS5MP,0,2
DMC-G2,0,11
CPH1701,0,1
M2101K6G,0,1
E-1,0,4
COOLPIX P100,0,11
WT19i,0,2
C5050Z,0,5
E-P5,0,5
KODAK LS633 ZOOM DIGITAL CAMERA,0,1
SM-G928F,0,2
SM-J250G,0,1
IR-300,0,2
E-520           ,0,6
DMC-GF2,0,3
SP550UZ                ,0,3
COOLPIX L5,0,6
Canon PowerShot A80,0,21
Lumia 640 LTE,0,2
PENTAX K200D       ,0,3
E5600,0,11
DMC-FX10,0,4
FinePix S8000fd,0,9
CanoScan 8800F,0,7
COOLPIX P50,0,3
E-5,0,11
E-M5MarkII      ,0,5
Canon EOS Kiss F,0,1
FinePix HS10 HS11,0,11
Perfection2480,0,1
Canon PowerShot A490,0,5
DSC-W5,0,11
"u1060,S1060",0,1
DSC-W150,0,9
SM-G900V,0,8
Canon PowerShot G6,0,9
LS-50,0,2
E-P1,0,14
WB250F,0,1
PENTAX K-70,0,12
EK-GC100,0,3
FinePix S200EXR,0,6
DSC-WX1,0,3
GT-S8500,0,3
FinePix A350,0,3
FinePix XP10,0,2
Zeissikon,0,1
Canon PowerShot ELPH 110 HS,0,4
KODAK DX4530 ZOOM DIGITAL CAMERA,0,6
FinePix S4080,0,4
Canon PowerShot SD880 IS,0,4
"C170,D425",0,1
FinePix JV100,0,1
DSC-TX9,0,1
LT26i,0,2
Exp10000XL,0,1
U8186,0,1
DSC-P8,0,4
<Digimax D53>,0,1
E4300,0,12
WF-7520,0,1
DSC-T9,0,8
DSC-V3,0,5
Canon EOS 90D,0,3
DSC-W30,0,10
Canon EOS-1D Mark II,0,10
HTC One V,0,2
E-300,0,11
FinePix XP65/Walmart,0,1
DSC-HX1,0,16
QV-R41,0,1
SAMSUNG WB2200F,0,1
FinePix A345,0,6
C1233,0,1
SP550UZ,0,13
E-PL7,0,3
KODAK V530 ZOOM DIGITAL CAMERA,0,2
Canon PowerShot A2200,0,5
DSC-P93A,0,2
D-LUX 6,0,5
HTC Glacier,0,2
hp PhotoSmart 320,0,1
N8-00,0,9
FinePix2600Zoom,0,4
COOLPIX L100,0,7
D5503,0,6
EX-Z85,0,1
XT1254,0,6
MAXXUM 7D,0,1
PENTAX Q,0,1
DROID2 GLOBAL,0,1
FinePix F30,0,11
CanoScan 9000F,0,5
SGH-T999L,0,1
Hero3-Black Edition,0,1
EOS 5,0,1
LEICA Q (Typ 116),0,6
DSLR-A330,0,9
FinePix S9100  ,0,2
Canon IXUS 132,0,5
PIXPRO AZ522,0,1
DMC-FH4,0,1
Canon EOS 760D,0,23
N95,0,12
CandyCamera,0,1
Canon PowerShot SX620 HS,0,9
KODAK DC3400 ZOOM DIGITAL CAMERA,0,3
DMC-FX01,0,3
DSC-HX20V,0,4
Lenovo A6020l36,0,1
DSC-W17,0,2
Canon PowerShot A560,0,21
W508,0,1
190,0,2
SGH-G600,0,1
NIKON D5,0,6
E-P1            ,0,1
N72,0,2
SM-G930T,0,4
LEICA M (Typ 262),0,2
W61CA,0,1
FinePix S6000fd,0,3
LG-H990,0,1
7MP Digital Camera,0,1
D6503,0,7
LEICA SL (Typ 601),0,4
Canon PowerShot Pro1,0,12
DMC-TZ30,0,9
S2 Film Scanner,0,4
PENTAX K100D,0,16
Canon DIGITAL IXUS 82 IS,0,1
Canon PowerShot A610,0,16
DMC-G70,0,3
SCH-I605,0,1
FinePix S8100fd,0,8
Canon MG6100 series Network,0,1
KODAK EasyShare Z980 Digital Camera,0,2
Canon PowerShot SX270 HS,0,2
Deskjet F4100 series,0,1
KODAK V550 ZOOM DIGITAL CAMERA,0,1
Canon EOS Kiss X6i,0,4
FinePix T210,0,1
BlackBerry Classic,0,1
6700s,0,1
SPH-L710,0,2
X-S1,0,9
PENTAX Optio S,0,5
m2 note,0,1
SM-A510F,0,4
C3000Z,0,9
PENTAX Optio 60,0,3
U1i,0,3
ST18i,0,2
COOLPIX P300,0,7
DiMAGE Z5,0,5
C765UZ,0,5
DMC-TZ1,0,13
FinePix S2850HD,0,1
DSC-HX300,0,20
Canon EOS 250D,0,1
E-PM1           ,0,2
GR DIGITAL 4,0,4
X100F,0,10
Canon PowerShot S60,0,2
SM-N9005,0,8
"X550,D545Z,C480Z",0,2
C2100UZ,0,4
<KENOX S630  / Samsung S630>,0,3
COOLPIX AW130,0,3
Canon PowerShot A640,0,9
DMC-LS1,0,1
DMC-ZS50,0,3
Canon PowerShot SD780 IS,0,5
D-LUX 3,0,2
NSC-GC1,0,1
DSC-N2,0,7
HP pst2570,0,2
SM-G930F,0,13
Canon PowerShot A460,0,9
E2000,0,2
DiMAGE A1,0,8
DMC-FZ20,0,8
Canon PowerShot ELPH 180,0,2
W810i,0,3
DMC-GM5,0,7
DMC-ZS8,0,4
FinePix S9200 S9250 S9150,0,3
FM2,0,1
X-E3,0,7
KODAK Z730 ZOOM DIGITAL CAMERA,0,4
FinePix A340,0,2
Canon EOS Rebel T7i,0,3
Canon PowerShot SD1200 IS,0,10
C6916,0,1
FinePix S5100,0,6
XZ-1            ,0,1
PictureGear,0,1
Canon PowerShot G3 X,0,5
Windows Phone 8X by HTC,0,1
Lumia 625,0,2
DSC-HX60V,0,6
Canon PowerShot A3100 IS,0,5
PENTAX Optio A30,0,5
FinePix S2980,0,10
Coolpad E501,0,1
LG-LS970,0,1
E8400,0,4
ILCE-7S,0,10
MX-2700,0,2
Nokia 800,0,1
DSC-RX10M3,0,6
Oggl,0,2
SP570UZ                ,0,2
Lumia 1520,0,4
LEICA T (Typ 701),0,5
DSC-P73,0,11
Galaxy Nexus,0,2
LG-D320,0,1
503,0,1
FinePix Z1     ,0,3
DSC-P100,0,7
D-LUX 4,0,6
C770UZ,0,3
"FE320,X835,C540",0,2
MVC-CD350,0,2
COOLPIX P520,0,12
DSC-W130,0,3
NX500,0,6
COOLPIX S8200,0,4
DMC-ZS9,0,1
C755UZ,0,1
Motorola Electrify,0,1
PENTAX K-m,0,4
"FE20,X15,C25",0,3
PENTAX Optio S55,0,1
Canon PowerShot A2000 IS,0,3
KODAK EASYSHARE C613 ZOOM DIGITAL CAMERA,0,8
Canon PowerShot A70,0,14
FC220,0,5
DMC-LZ30,0,4
KODAK DX7630 ZOOM DIGITAL CAMERA,0,8
FinePix S8200,0,3
Frontier SP-3000,0,7
HP Scanjet djf4100,0,2
HP Photosmart M537,0,2
FinePix S5600  ,0,2
iPad mini 2,0,2
Nexus 6P,0,3
"FE46,X41,X42",0,2
COOLPIX L820   ,0,3
Canon PowerShot SD1400 IS,0,10
FE230/X790,0,4
GT-I9210T,0,1
KODAK EASYSHARE Camera,0,5
C1530,0,1
LG-H635,0,1
EX-Z75,0,4
Canon PowerShot SX230 HS,0,9
LEICA X1,0,5
Lumia 950,0,2
DSC-H100,0,2
EX-S10,0,1
FinePix T300,0,1
GT-I9195,0,4
LG-K430T,0,1
DMC-FH20,0,3
E-M10           ,0,1
LG Optimus Elite,0,2
Canon IXUS 220 HS,0,1
FinePix F100fd ,0,1
FinePixS2Pro,0,8
SLP800,0,2
SM-J100H,0,1
iPod touch,0,12
NIKON 1 J5,0,2
SH-2,0,1
<Digimax S800 / Kenox S800>,0,1
"u770SW,S770SW   ",0,2
Canon PowerShot ELPH 300 HS,0,3
NX30,0,5
BlackBerry 8100 Series,0,1
SM-A310F,0,3
Canon PowerShot A510,0,14
DiMAGE X50,0,2
LG-VX8360,0,1
iPhone 13 Pro Max,0,2
Digimax A6,0,1
Canon PowerShot A470,0,10
Perfection V700/V750,0,5
STYLUS1,0,2
moto g(6),0,1
FC350,0,2
ASUS_Z010D,0,1
A735,0,3
X5,0,2
YAL-L21,0,1
DMC-ZX3,0,2
SM-S908E,0,1
LT18i,0,1
Canon PowerShot S410,0,7
Canon PowerShot A310,0,2
DMC-ZS6,0,1
Scan Dual III,0,1
<KENOX S760  / Samsung S760>,0,5
Canon PowerShot D10,0,2
DC210 Zoom (V05.00),0,2
DSC-WX7,0,2
KODAK Z7590 ZOOM DIGITAL CAMERA,0,3
M8 Digital Camera,0,9
DMC-LZ3,0,3
PC36100,0,3
EX-Z1050,0,2
NEX-3,0,16
SP700,0,1
DSC-T3,0,2
E-30,0,6
DiMAGE Xt,0,6
<Samsung NV3,0,4
Samsung VLUU NV3>,0,4
FinePix S1500     ,0,3
DMC-L10,0,1
E2200,0,1
DMC-FZ45,0,8
Canon EOS Kiss Digital N,0,1
SIGMA DP1S,0,1
DMC-FZ47,0,2
PENTAX K-S1        ,0,1
DSC-RX100M2,0,11
DMC-G80,0,7
DC C800,0,1
SM-N950W,0,1
EX-Z110,0,5
Canon PowerShot SD960 IS,0,1
PENTAX Optio A10,0,4
KODAK EASYSHARE C300 DIGITAL CAMERA,0,3
LT15i,0,1
COOLPIX S2500,0,3
FinePix S1600,0,12
Canon PowerShot A810,0,2
E-620,0,9
KODAK P850 ZOOM DIGITAL CAMERA,0,6
COOLPIX P4,0,3
DSC-HX50,0,5
HP pstc4200,0,2
NX210,0,1
AE-1 Program,0,1
PENTAX *ist D,0,1
PENTAX K-5         ,0,9
DSC-RX100M5,0,2
NIKON 1 V2,0,5
FinePixA101,0,1
C5303,0,2
Canon PowerShot S40,0,2
DSC-HX7V,0,4
Canon EOS RP,0,4
FDMAVICA,0,3
"X-2,C-50Z",0,2
Canon IXUS 117 HS,0,3
N73,0,8
DMC-TS1,0,1
6120c,0,2
COACH 1.0,0,1
APPLE IPHONE 4S,0,1
SM-J500H,0,3
A860,0,2
GT-I9301I,0,5
SP-820UZ,0,2
6MP-9J5,0,1
DSC-H70,0,7
E-520,0,22
Canon PowerShot A450,0,2
BLA-L29,0,2
DMC-FS10,0,2
SAMSUNG PL80/VLUU PL80/SAMSUNG SL630/SAMSUNG PL81,0,1
KODAK EASYSHARE C143 Digital Camera,0,3
Canon IXY DIGITAL L2,0,1
Lumia 520,0,4
DSC-W180,0,5
E-3             ,0,3
Canon PowerShot SD940 IS,0,1
Canon PowerShot A60,0,5
IM-S610K,0,1
DMC-GX8,0,12
Mi Note 10 Lite,0,1
Canon PowerShot SX500 IS,0,6
iPad Air 2,0,3
"u1040,S1040",0,2
ILCE-6100,0,1
Canon IXY DIGITAL 600,0,1
PerfectionV700  ,0,3
FRD-L02,0,1
SP510UZ,0,4
Canon DIGITAL IXUS 330,0,1
PENTAX Optio S4i,0,1
KODAK CX7530 ZOOM DIGITAL CAMERA,0,5
Canon EOS Kiss X7i,0,3
MG2900 series,0,1
E4500,0,4
FinePix S2800HD,0,1
FinePix S2750HD,0,1
HP PhotoSmart R717 (V01.00)+,0,1
Canon PowerShot A550,0,12
Nikon COOLSCAN V ED,0,6
SGH-A667,0,1
FinePix A330,0,4
ALP-L29,0,1
DSC-L1,0,2
COOLPIX L320,0,1
SM-N910F,0,6
COOLPIX B700,0,8
DSLR-A850,0,14
ILCE-9,0,3
DSC-W630,0,2
Canon IXUS 255 HS,0,1
DMC-FX07,0,9
COOLPIX L19,0,2
XXXX,0,1
MHS-CM5,0,1
HP PhotoSmart C945 (V01.53),0,3
RICOH R8       ,0,1
DiMAGE Z10,0,2
"C200Z,D510Z",0,4
FinePix S2970,0,1
KODAK Zi8 Pocket Video Camera,0,1
FinePix F10,0,9
VS986,0,1
DSLR-A380,0,3
KODAK EASYSHARE Z710 ZOOM DIGITAL CAMERA,0,11
FinePix F30    ,0,1
PENTAX K100D Super ,0,2
DMC-LX1,0,3
V3826 Digital Camera,0,1
LG-P500h,0,1
FinePix JX300,0,1
SM-G950F,0,11
PDR-M60,0,1
FC3170,0,3
DSC-S90,0,4
COOLPIX P60,0,1
"STYLUS1,1s",0,3
PENTAX K-500,0,5
DSC-P150,0,3
Canon DIGITAL IXUS i,0,3
"SAMSUNG ES55,ES57 / VLUU ES55 / SAMSUNG SL102",0,5
E3100,0,6
DSC-W1,0,15
DMC-ZS1,0,3
COOLPIX P340,0,1
HP PhotoSmart C945 (V01.54),0,1
Dynax 7D,0,1
Digital Cam,0,2
XT1080,0,2
SM-G900H,0,1
DMC-TZ4,0,3
"X600,D630,FE5500",0,4
DSC-P41,0,3
E-410           ,0,4
Digimax A7/Kenox D7,0,2
MI 8,0,1
H3113,0,1
DSC-T5,0,5
FinePix V10,0,1
E-330,0,1
C1450,0,1
W550i,0,1
KODAK DX7590 ZOOM DIGITAL CAMERA,0,5
E7900,0,6
DMC-SZ7,0,3
DSC-HX60,0,8
Canon EOS 5DS,0,6
Canon PowerShot A3300 IS,0,5
RICOH GX200    ,0,2
FinePix F50fd,0,3
PDRM70,0,1
FinePix F11,0,2
Photosmart M407,0,4
DMC-FZ2500,0,2
FinePix Z10fd,0,3
EOS 550D,0,1
PLK-L01,0,1
TRT-LX1,0,1
Canon EOS-1D,0,3
Pixel 3,0,1
SM-G935V,0,4
DSLR-A290,0,7
COOLPIX S3500,0,2
DSC-P10,0,6
FinePix S1800,0,6
"C960Z,D460Z",0,3
SM-A600FN,0,1
Canon DIGITAL IXUS 870 IS,0,1
"u40D,S500,uD500",0,1
SM-G900F,0,12
E-M1MarkII      ,0,1
iS2132,0,2
Canon PowerShot SX700 HS,0,15
DMC-TZ8,0,3
SCH-I535,0,2
DSC-WX9,0,2
FinePix A510,0,1
DMC-FT1,0,2
EX-Z3,0,2
HUAWEI Y336-U02,0,1
FinePix S7000,0,11
"uD600,S600",0,2
HERO3+ Black Edition,0,2
"C120,D380",0,1
KODAK EASYSHARE C433 ZOOM DIGITAL CAMERA,0,2
DSC-S80,0,1
M552,0,1
iPhone XR,0,4
Canon PowerShot A540,0,17
SM-G610F,0,1
WB5000/HZ25W,0,2
Canon PowerShot ELPH 350 HS,0,1
VX-9700,0,1
SP600UZ,0,4
Canon EOS R5,0,4
Canon EOS R6,0,2
PENTAX Optio S10,0,1
COOLPIX S640,0,2
HP Scanjet 3500,0,2
FinePix S4400,0,2
Canon PowerShot A2600,0,1
KODAK V1233 ZOOM DIGITAL CAMERA,0,1
6680,0,3
COOLPIX L830,0,7
FinePix F11    ,0,1
DSC-H300,0,8
5042T,0,2
Nikon SUPER COOLSCAN 9000 ED,0,5
Redmi Note 5,0,2
Pixel 3a,0,1
SM-N920P,0,1
HTC One X,0,2
HP Photosmart E427,0,1
PENTAX Optio SV,0,2
FinePix J30 J32 J38,0,3
Canon DIGITAL IXUS 850 IS,0,7
Hitachi HBC161E,0,1
Canon PowerShot SD400,0,9
DC-FZ82,0,1
DSC-W530,0,3
DSC-P93,0,1
LT22i,0,2
C740UZ,0,10
"C55Z,C5500Z",0,1
K-x,0,3
FE180/X745,0,3
E-1             ,0,1
GR DIGITAL 3,0,9
Canon DIGITAL IXUS 40,0,7
D-LUX (Typ 109),0,1
GR DIGITAL 4   ,0,1
Nokia 1020,0,1
DSC-T50,0,4
FinePix6900ZOOM,0,1
GT-I8260,0,1
COOLPIX S2700,0,1
F5321,0,2
SP500,0,2
DMC-FX33,0,1
LG-D802,0,3
LG-D620,0,1
SP800UZ,0,3
SIGMA SD1 Merrill,0,3
COOLPIX P500,0,14
SM-R210,0,1
HP PhotoSmart R707 (V01.00),0,2
Canon PowerShot S70,0,3
Nexus One,0,1
OpticFilm 8200i,0,2
Leica M3,0,2
GT-S5830B,0,1
CanoScan LiDE 100,0,2
E-PL5           ,0,2
DSLR-A580,0,14
DC500,0,1
PENTAX K-01,0,6
F3311,0,1
DMC-GF6,0,3
DSC-W90,0,5
Canon MG7100 series,0,1
Polaroid i532,0,1
Canon PowerShot S110,0,6
N90-1,0,2
DMC-TZ35,0,7
DSC-RX1,0,8
PENTAX K-1         ,0,3
DSC-MZ3 ,0,1
L1D-20c,0,3
Canon PowerShot S500,0,7
DSC-W620,0,1
PENTAX Optio430RS,0,1
Canon PowerShot ELPH 115 IS,0,2
COOLPIX P5000,0,1
G7-L01,0,1
FinePix S602 ZOOM,0,6
WB30F/WB31F/WB32F,0,1
F8332,0,3
WAS-LX1,0,2
Lumia 930,0,2
ILCE-3500,0,1
VLUU L210  / Samsung L210,0,4
Caplio R2,0,1
"u770SW,S770SW",0,1
SP570UZ,0,8
COOLPIX S6100,0,2
"u710,S710",0,6
C5060WZ,0,2
DSC-S60,0,5
DMC-FX150,0,2
KODAK C663 ZOOM DIGITAL CAMERA,0,1
C8080WZ,0,3
Canon MP190 series,0,2
PENTAX Optio 30,0,2
StylusTough-8010,0,1
Canon PowerShot G5,0,12
COOLPIX S8100,0,4
Canon DIGITAL IXUS 400,0,5
DSC-H3,0,11
QSS-30,0,6
DSC-T1,0,5
DMC-LF1,0,3
7 Trophy T8686,0,1
COOLPIX L310,0,10
COOLPIX P7700,0,7
E4800,0,1
Canon IXY DIGITAL L4,0,1
DSC-WX80,0,1
E7600,0,2
RUMOR,0,1
SP310,0,2
Moto G Play,0,1
iPhone XS Max,0,6
OpticFilm 120,0,2
COOLPIX S220,0,5
SAMSUNG ST550 / SAMSUNG ST560 / VLUU ST550 / SAMSUNG TL225,0,2
SM-J700F,0,2
KODAK Z1275 ZOOM DIGITAL CAMERA,0,1
DSC-T30,0,4
NX1000,0,4
ILCE-6400,0,2
Photosmart M525,0,1
Redmi Note 4,0,2
FinePix S4500,0,6
PENTAX K-1 Mark II,0,2
HP Photosmart M22 (V01.00),0,1
Pentax Spotmatic SP 1000,0,1
KODAK EASYSHARE C533 ZOOM DIGITAL CAMERA,0,6
E5603,0,1
BlackBerry 8130,0,2
COOLPIX P7800,0,2
FinePix S9800 S9850 S9750,0,3
V-LUX (Typ 114),0,3
FinePix HS50EXR,0,9
SAMSUNG WB850F/WB855F,0,1
10101,0,1
V-LUX 30,0,1
GT-E2652,0,1
C760UZ,0,3
WB800F,0,1
FinePix 3800,0,4
FinePix S8600 S8650 S8630,0,2
SAMSUNG PL55/ VLUU PL55/ SAMSUNG SL502/ SAMSUNG PL57,0,1
Mi A1,0,2
DMC-ZS5,0,1
Pixel 6,0,1
GDH30,0,1
SPII,0,1
HP Scanjet djf4200,0,1
DSC-HX80,0,3
Canon PowerShot SX1 IS,0,6
5530,0,1
E-300           ,0,2
PENTAX *ist DS     ,0,1
COOLPIX P90,0,8
KODAK CX7430 ZOOM DIGITAL CAMERA,0,3
DMC-TZ80,0,1
E5400,0,5
iPad mini 4,0,2
Cymera,0,4
E5000,0,3
RNE-L21,0,1
SIGMA DP2 Merrill,0,5
WB350F/WB351F/WB352F,0,4
Perfection3170,0,2
COOLPIX S6500,0,1
Canon PowerShot S200,0,4
KODAK EASYSHARE M853 ZOOM DIGITAL CAMERA,0,2
COOLPIX S6,0,2
DiMAGE X1,0,1
A730,0,2
<Digimax S600 / Kenox S600 / Digimax Cyber 630>,0,4
E-M1MarkIII,0,1
PENTAX K20D        ,0,2
NIKON D4S,0,10
FinePix E550,0,8
SAMSUNG ES10 / VLUU ES10,0,1
DSC-H20,0,7
DCR-PC110E,0,1
COOLPIX S02,0,2
CanoScan 9000F Mark II,0,4
DMC-TS2,0,1
XT1069,0,1
Canon IXUS 160,0,1
CD500M5,0,1
LG-P940,0,1
DSC-S750,0,5
TG-620,0,1
PENTAX Optio 750Z,0,3
DSC-S730,0,3
i834,0,1
COOLPIX L330,0,2
iPad 3G,0,1
VGA,0,1
Photosmart M425,0,4
COOLPIX S9400,0,2
COOLPIX L14,0,1
NX2000,0,5
C4040Z,0,3
Lumia 1020,0,17
COOLPIX S9,0,2
DSC-S600,0,10
Canon EOS 800D,0,5
DSC-T90,0,3
NIKON Z 9,0,1
LYA-L09,0,1
DMC-ZS7,0,2
PENTAX Optio L40,0,1
DMC-TZ50,0,1
EX-Z9,0,3
"u830,S830",0,1
COACH,0,4
"FE310,X840,C530",0,2
5054N,0,1
COOLPIX S4,0,7
SP-810UZ,0,2
E-5             ,0,3
E4100,0,4
808 PureView,0,5
DMC-FX7,0,4
DSC-T2,0,4
DSC-H90,0,3
DiMAGE Xi,0,1
P45+,0,1
J4,0,1
EX-Z77,0,1
Canon MP260 series,0,1
NIKON D780,0,1
E51,0,1
"D595Z,C500Z",0,3
HTC One M9,0,1
SAMSUNG PL100 / SAMSUNG TL205 / VLUU PL100 / SAMSUNG PL101,0,2
6303 classic,0,1
KODAK EASYSHARE C913 DIGITAL CAMERA,0,1
COOLPIX P3,0,2
DMC-TZ2,0,1
KODAK EASYSHARE ZD710 ZOOM DIGITAL CAMERA,0,6
KP570,0,1
ILCA-68,0,2
V600i,0,1
KODAK DX6340 ZOOM DIGITAL CAMERA,0,4
HTC One,0,4
SM-G900R4,0,2
DiMAGE Z20,0,3
Dimage 2300,0,1
Canon PowerShot A410,0,5
EX-Z500,0,2
C905,0,2
FinePix F410,0,2
PerfectionV500,0,2
ALPHA-7 DIGITAL,0,2
"SAMSUNG ES74,ES75,ES78 / VLUU ES75,ES78",0,1
FinePix F40fd,0,3
"SP810UZ,SP815UZ",0,1
Canon PowerShot ELPH 300HS,0,2
Canon EOS Rebel T6s,0,9
iPhone 12 Pro,0,3
DSC-S980,0,2
SM-A405FN,0,1
Canon EOS 20D USB,0,1
SM-J700M,0,2
HP PhotoSmart R725  (V01.00),0,2
5MP-9ER,0,1
Redmi Pro,0,1
XT1585,0,3
Canon IXUS 285 HS,0,2
Canon EOS M50,0,6
D800,0,1
DSC-W830,0,4
"FE115,X715",0,1
DMC-FX3,0,3
Orange Monte Carlo,0,1
SIGMA DP2,0,4
LGL86C,0,1
DV3300,0,1
GT-I9190,0,2
Tiff File,0,2
9.4.0,0,1
Caplio R3,0,2
DROIDX 441a0000fff00000015a48270b019014,0,1
KODAK EASYSHARE C182 Digital Camera,0,5
COOLPIX S6800,0,2
EK-GC200,0,3
KODAK EASYSHARE M320 Digital Camera,0,1
Canon PowerShot SX720 HS,0,2
BlackBerry Z10,0,1
EX-Z600,0,4
Canon IXY DIGITAL 55,0,1
SZ-10,0,3
HP oj_g510a-f,0,1
COOLPIX L23,0,1
DMC-G8,0,1
DMC-FS37,0,1
Vivicam 8300s,0,1
LEICA X (Typ 113),0,2
Kiev 88,0,1
COOLPIX P610,0,9
SM-J327W,0,1
DROID BIONIC,0,1
Canon DIGITAL IXUS 800 IS,0,3
C-5000Z,0,3
KODAK EASYSHARE C743 ZOOM DIGITAL CAMERA,0,3
NIKON Z 6_2,0,2
SM-G7102,0,2
HDR-SR1,0,1
KODAK EASYSHARE C140 DIGITAL CAMERA,0,3
DMC-LZ20,0,1
FinePix HS25EXR,0,5
RNE-L22,0,1
SM-G991B,0,1
C3040Z,0,2
LG-VS450P,0,1
DMC-TZ31,0,5
220,0,1
Canon EOS-1D C,0,1
DMC-LZ8,0,1
A1250,0,1
SAMSUNG ST45/ VLUU ST45/ SAMSUNG TL90,0,1
Canon PowerShot G9 X,0,3
DSC-W220,0,7
DMC-GH4,0,5
Picture Maker G3,0,1
RDC-i500,0,1
RM-1067,0,1
SM-J100Y,0,1
DMC-FX8,0,3
EOS 5D,0,1
PENTAX KP,0,2
ANE-LX3,0,1
HTC-8900,0,1
231,0,1
LG-H818P,0,1
Perfection V800,0,1
KODAK PIXPRO AZ252,0,1
E-PL3,0,10
DSC-S40,0,5
LM-G850,0,1
KODAK EASYSHARE Sport Camera,0,1
C135,0,1
VX11000,0,1
EOS 6D,0,1
DMC-SZ3,0,2
SM-G800F,0,5
Canon  PowerShot G10,0,1
322,0,1
Canon PowerShot G9 X Mark II,0,1
iPhone SE (2nd generation),0,3
645 PRO Mk III for Apple iPhone 7 Plus,0,1
COOLPIX S3700,0,3
FinePix S5000 ,0,2
DMC-FX35,0,4
"FE110,X705",0,3
DSLR-A450,0,3
Canon EOS Kiss X3,0,13
RICOH R10,0,1
ONEPLUS A5010,0,1
E15i,0,1
KODAK Z885 ZOOM DIGITAL CAMERA,0,1
u810/S810,0,1
FinePix S3300,0,2
DSC-WX200,0,2
DiMAGE 7,0,1
KODAK EASYSHARE M340 Digital Ca,0,1
"u1030SW,S1030SW",0,2
EX-Z100,0,1
274,0,1
FinePix XP30,0,1
FinePix F660EXR,0,1
DMC-FX37,0,2
Canon MP620 series,0,1
DMC-FX500,0,2
DSC-W810,0,1
COOLPIX L22,0,7
EX-Z550,0,1
ND-5040 Digital Camera,0,1
"C180,D435",0,2
DiMAGE Z3,0,4
HP PhotoSmart C850 (V05.27),0,1
VDR-D300,0,1
FinePix S4200,0,3
NvCamera,0,1
FinePix A920,0,2
D50,0,1
256,0,1
QSS-29_31,0,6
COOLPIX S630,0,2
<Digimax S500 / Kenox S500 / Digimax Cyber 530>,0,6
Digimax A503 / Kenox D503,0,5
M Monochrom,0,3
COOLPIX A900,0,3
W880i,0,1
Canon EOS 850D,0,1
E-PL8,0,2
DSC-W200,0,3
SM-J327P,0,2
COOLPIX AW120,0,5
"u-miniS,StylusVS",0,2
DSC-W170,0,4
SM-J500M,0,2
GT-N5110,0,1
VLUU SH100,0,1
SAMSUNG SH100,0,1
SZ-31MR,0,2
FinePix E900,0,3
FinePix F750EXR,0,2
FC3411,0,1
COOLPIX S5100,0,1
E-M5MarkIII,0,1
X70,0,7
QSS,0,5
<KENOX S860  / Samsung S860>,0,1
ILCE-7SM2,0,11
CHC-U01,0,1
E-PL1s,0,1
EX-Z1080,0,2
DMC-FS30,0,3
COOLPIX L120   ,0,1
Lumia 1320,0,1
DSC-W560,0,1
Perfection V800/V850,0,1
SGH-T399N,0,2
S1,0,4
SM-G531M,0,1
XF1,0,2
FinePix J110W,0,1
DSC-S650,0,7
Canon PowerShot G5 X,0,4
RAZR i,0,1
SM-A500H,0,1
Canon PowerShot SD1300 IS,0,3
SAMSUNG ST500 / SAMSUNG ST510 / VLUU ST500 / SAMSUNG TL220,0,2
K800i,0,4
F-02E,0,1
--,0,1
Digilux1,0,4
E2100,0,4
GT-S7560M,0,1
<Digimax i6 PMP,0,1
Samsung #11 PMP>,0,1
COOLPIX P500   ,0,2
FinePix F60fd,0,1
SM-G965F,0,1
FinePix AX655,0,1
GT-S5600,0,1
R-D1s,0,1
FinePix XP70 XP71 XP75,0,1
M522,0,1
SP600UZ                ,0,2
VLUU L200  / Samsung L200,0,1
FinePix J250,0,1
DSC-TX5,0,2
ILCE-6500,0,5
HP PhotoSmart R717 (V01.00),0,1
DSC-HX90V,0,3
COOLPIX L16,0,4
Pixel 2 XL,0,2
DIGITAL CAMERA,0,1
"E-20,E-20N,E-20P",0,1
Canon EOS 650,0,1
LS-8000,0,2
YHDC5170,0,1
COOLPIX S5200,0,1
NIKON D1X,0,1
PENTAX Optio S5i,0,4
"FE5030,X965,X960",0,1
SM-N910H,0,1
FinePix F10    ,0,2
PowerShot A630,0,1
NV5 / VLUU NV5,0,1
PENTAX Optio RZ18,0,1
PENTAX Optio 330,0,1
C750UZ,0,2
i531,0,1
SPH-L600,0,1
EX-Z40 ,0,1
NIKON 1 V1,0,7
273,0,1
FC2204,0,1
Lumia 820,0,1
E5823,0,3
DSC-RX10,0,5
DSC-HX100V             ,0,2
EOS 600D,0,2
"X400,D580Z,C460Z",0,4
Spca1528,0,1
Olympus E-500,0,2
DMC-FZ3,0,3
EX-H5,0,2
"FE170,X760,C505",0,1
VLUU L100,0,2
M100  / Samsung L100,0,2
M100,0,2
FinePix J150W,0,1
Canon PowerShot SD770 IS,0,2
KODAK EASYSHARE V1273 DIGITAL CAMERA,0,1
Hasselblad H3DII-31,0,1
FinePix F402,0,1
HTC Wildfire,0,1
Canon PowerShot G7 X,0,3
DSC-RX100M7,0,2
C6502,0,1
Canon IXUS 105,0,3
DSC-H400,0,3
LEICA M10-P,0,1
Canon IXY 32S,0,1
EOS 80D,0,1
iPad Air,0,3
KODAK EasyShare Z990 Digital Camera    ,0,2
W800i,0,3
MP495 series,0,1
C6903,0,5
Canon PowerShot ELPH 520 HS,0,1
DSC-WX220,0,1
9000F,0,1
View XL,0,1
KODAK EASYSHARE CX4230 ZOOM DIGITAL CAMERA,0,3
GT-S7560,0,1
Revio KD-420Z,0,1
"C40Z,D40Z",0,2
COOLPIX S2900,0,2
TG-1,0,2
OPPO A3s,0,1
ILCA-99M2,0,2
ST72/ST73,0,1
SZ-14,0,3
COOLPIX L620,0,1
DMC-LS2,0,2
EX-G1,0,1
DVC306V,0,1
DiMAGE Z2,0,4
SM-A700F,0,1
CLT-L09,0,2
KODAK EASYSHARE C633 ZOOM DIGITAL CAMERA,0,2
Nexus 4,0,3
COOLPIX L27,0,1
Canon IXUS 500 HS,0,3
FinePix XP200/XP210,0,2
ST200 / ST200F / ST201 / ST201F / ST205F,0,2
GT-S7500,0,1
E-420           ,0,2
DMC-TZ101,0,2
Redmi 5,0,1
KODAK DX6440 ZOOM DIGITAL CAMERA,0,1
COOLPIX S610,0,3
FinePix F80EXR,0,1
Lumia 720,0,1
SCH-I500,0,2
Aptus 65,0,1
"X-2,C-50Z       ",0,1
SM-A750F,0,1
"u40D,S500,uD500 ",0,1
"u1020,S1020",0,2
EVO,0,1
PENTAX Optio E80,0,2
SAMSUNG ST70 / VLUU ST70 / SAMSUNG ST71,0,1
Lumia 950 XL,0,1
SR66,0,1
COOLPIX L100 ,0,2
MI MAX,0,2
QV-5700,0,1
HTC Liberty,0,1
Photosmart M415,0,1
EX-Z70,0,1
COOLPIX L830   ,0,1
"u700,S700",0,6
"u790SW,S790SW   ",0,1
Canon PowerShot D20,0,2
DYNAX 7D,0,9
NV20,0,1
VLUU NV20,0,1
Mi 4i,0,1
iPhone 12 Pro Max,0,1
Perfection4490  ,0,1
PerfectionV330,0,1
MiTwo,0,2
SM-G950U,0,2
Canon PowerShot A300,0,2
"u840,S840",0,1
Canon DIGITAL IXUS v3,0,1
COOLPIX P6000,0,3
EX-Z750,0,5
FinePix F401,0,2
DMC-FT5,0,3
DMC-FS35,0,5
BlackBerry 9790,0,1
SZ-20,0,2
EX-H15,0,1
HDR-CX240,0,1
COOLPIX S8   ,0,1
SP500UZ,0,7
Canon DIGITAL IXUS 95 IS,0,1
LG-H815L,0,1
Desire HD,0,1
X-A3,0,2
DMC-TZ61,0,2
DSC-W110,0,3
Moto G (5),0,2
DMC-LS70,0,2
SM-G928V,0,2
Canon EOS D30,0,1
C3030Z,0,1
GT-I9506,0,2
KODAK EASYSHARE CX6230 ZOOM DIGITAL CAMERA,0,2
TG-3,0,2
Moto G (5) Plus,0,1
ALPHA SWEET DIGITAL,0,2
DSC-U50,0,1
EOS 1000D,0,1
S50 ,0,1
TG-2,0,1
Pixel XL,0,1
Canon DIGITAL IXUS 860 IS,0,2
C1050,0,1
SM-G973F,0,3
PENTAX Optio E30,0,1
FinePix A600,0,2
EX-FH20,0,1
COOLPIX B500,0,2
SAMSUNG-SGH-I747,0,1
CX1,0,2
PENTAX K-3         ,0,2
Vignette for Android,0,3
DMC-ZS40,0,1
Finecam M410R,0,1
Lumia 920,0,3
PENTAX Optio M30,0,2
Canon PowerShot SX710 HS,0,2
HP pst3300,0,1
NIKON Z 7,0,1
SM-A300FU,0,1
C NOTE 2,0,1
XT615,0,1
HP PhotoSmart R927  (V01.00),0,1
SM-J100MU,0,1
PENTAX Optio E10,0,1
GT-S8530,0,1
COOLPIX S600,0,1
D-LUX 5,0,2
Caplio GX100,0,3
FinePix S4300,0,1
KODAK EASYSHARE M883 ZOOM DIGITAL CAMERA,0,2
FinePix Z100fd,0,2
"FE100,X710",0,2
DV150F/DV151F/DV155F,0,2
Pro 815,0,2
EX-Z850,0,1
KODAK DC3200 DIGITAL CAMERA,0,1
NX5,0,1
COOLPIX S9600,0,1
DMC-G85,0,3
ILCE-7RM4A,0,1
"FE360,X875,C570",0,2
KODAK DX3600 DIGITAL CAMERA,0,2
COOLPIX L6,0,3
KODAK EASYSHARE M575 Digital Camera,0,1
"VG120,D705",0,1
"3,5 E2",0,1
FUJIFILM Corporation FEII software,0,1
RICOH R8,0,1
"FE-130,X-720",0,1
EX-Z33,0,1
LG-D325,0,1
Hasselblad CF528,0,1
FinePix Z3,0,1
HP Scanjet dj_d02d,0,1
WB200F/WB201F/WB202F,0,1
SQ,0,1
Samsung S85,0,1
FinePix S9100,0,1
SP-620UZ,0,1
ES90/ ES91,0,1
KM,0,1
N79,0,1
HDR-CX210,0,1
Filmscan 35mm,0,1
DMC-FS12,0,1
DCZ 5.5,0,1
COOLPIX S230,0,1
SM-G900T,0,2
DSC-M2,0,1
W890i,0,1
Canon PowerShot SX730 HS,0,3
LM-G710,0,2
DMC-GX85,0,1
HP PhotoSmart 318,0,1
NX mini,0,1
"u720SW,S720SW",0,2
DiMAGE X60,0,2
DMC-ZS10,0,1
CanoScan LiDE 210,0,1
SAMSUNG-SGH-I337,0,2
T1496,0,1
PhotoPC 3100Z,0,1
Canon EOS Kiss Digital,0,2
FinePix F70EXR,0,2
DiMAGE A200,0,4
E-PL1           ,0,2
DMC-FH2,0,1
HTC_Amaze_4G,0,4
EPSON scanner,0,2
E-M1            ,0,3
QV-3000EX,0,1
SM-G903F,0,2
HD1A,0,2
G2,0,1
HD2,0,1
FIG-LX1,0,2
SM-G930V,0,1
Canon EOS M100,0,4
SM-S908B,0,1
KODAK V570 DUAL LENS DIGITAL CAMERA,0,3
NIKON Z 7_2,0,1
SM-N9208,0,1
DSC-WX500,0,1
HUAWEI CUN-L01,0,1
Canon PowerShot ELPH 100 HS,0,3
BlackBerry 9700,0,1
SM-G925F,0,2
KODAK EASYSHARE Z1012 IS Digital Camera,0,3
SH-50,0,1
DSC-W12,0,1
Konica Digital Camera KD-310Z,0,1
Pixel 2,0,1
FinePix A210  ,0,1
E-PL7           ,0,2
GT-S5570,0,1
SM-G850F,0,2
Photosmart M417,0,1
FinePix S1730,0,1
WB150 / WB150F / WB152 / WB152F / WB151,0,2
StylusTough-6020,0,3
LG-H811,0,1
T-Mobile G2,0,1
Canon PowerShot A3000 IS,0,1
Canon EOS M6 Mark II,0,1
KODAK EASYSHARE C195 Digital Camera,0,1
A0001,0,1
Canon PowerShot SD4000 IS,0,1
DSC-P43,0,2
3110c,0,1
E4200,0,2
Redmi 5 Plus,0,1
Digital Link,0,2
FC6310S,0,1
M2102J20SG,0,1
D3000,0,2
DMC-FX100,0,3
Redmi 4,0,1
VKY-L09,0,1
KODAK EASYSHARE M1063 DIGITAL CAMERA,0,3
iPad Pro,0,1
Canon PowerShot A2100 IS,0,3
GZ-MG70,0,1
FinePix A610,0,2
COOLPIX S6200,0,1
FinePix S9000,0,3
HP PhotoSmart C935 (V03.74),0,2
KODAK EASYSHARE C315 DIGITAL CAMERA,0,5
ONEPLUS A6010,0,1
PENTAX OptioE20,0,1
FinePix S3100,0,1
Canon PowerShot ELPH 160,0,1
KODAK C360 ZOOM DIGITAL CAMERA,0,2
DMC-TZ6,0,2
PENTAX K-x         ,0,2
QV-R40,0,1
GT-S8600,0,2
PDC 3080,0,1
MotoG3,0,2
"FE160,X735",0,1
DMC-CM1,0,1
ILCE-9M2,0,1
HP pst_p04a,0,2
DSC-W650,0,2
E-P2,0,2
DSC-W85,0,1
P6,0,1
D5803,0,2
DC-GX9,0,4
moto g play (2021),0,1
EX-Z120,0,2
Canon IXUS 180,0,2
HERO3+ Silver Edition,0,1
XT1575,0,1
EX-Z1000,0,1
SAMSUNG WB1100F/WB1101F/WB1102F,0,1
PENTAX Optio M40,0,1
CanoScan LiDE 25,0,3
Pentax 645N,0,1
<KENOX S730  / Samsung S730>,0,3
SGH-T989,0,1
PENTAX Optio W10,0,3
FinePix6800 ZOOM,0,1
COOLPIX S10,0,3
Canon PowerShot SD200,0,3
DiMAGE Z6,0,3
FinePix A370,0,1
DCR-TRV350,0,1
DMC-FH22,0,1
HP Scanjet G4050,0,1
Canon DIGITAL IXUS,0,1
Digimax 301,0,1
Gran Turismo 5,0,2
PENTAX Optio E40,0,2
DMC-GM1S,0,1
BlackBerry 8330,0,1
EX-S12,0,1
KODAK EASYSHARE M863 DIGITAL CAMERA,0,1
VOG-L29,0,1
SAMSUNG ES55 / VLUU ES55 / SAMSUNG SL102,0,1
Lenovo A7020a48,0,1
Canon PowerShot SX70 HS,0,3
DMC-LS75,0,1
FinePix AX300,0,1
SP560UZ,0,4
DMC-GF5,0,3
Caplio R30,0,1
LEICA CL,0,2
CaplioG3 modelS,0,1
DMC-TZ18,0,1
BlackBerry 9650,0,1
HTC-Z710a,0,1
COOLPIX S4300,0,1
Canon PowerShot A2500,0,2
K850i,0,5
DSC-H200,0,1
C6943,0,1
MI4,0,1
CanoScan LiDE 60,0,2
KODAK CX7330 ZOOM DIGITAL CAMERA,0,1
GT-i7500,0,1
X-T4,0,3
LGUS991,0,1
SM-N900P,0,1
NIKON D810A,0,1
HP PhotoSmart C945 (V01.67),0,1
"X250,D560Z,C350Z",0,1
Canon EOS-1DS,0,5
S2,0,1
DMC-FS7,0,2
FinePix S3380,0,1
HP Photosmart M23 (V01.00),0,1
Canon PowerShot A2500 ,0,1
Digimax V70/a7,0,1
NIKON 1 S1,0,1
210,0,1
Canon PowerShot A200,0,2
SIGMA SD10,0,1
"X200,D560Z,C350Z",0,1
XT1032,0,3
KODAK CD33 ZOOM DIGITAL CAMERA,0,1
FinePix F300EXR,0,1
HRY-LX1T,0,1
8MP-9U4,0,1
COOLPIX S6000,0,3
ASUS_Z00UD,0,1
Caplio R7,0,2
BlackBerry 8900,0,2
HP Scanjet G3010,0,2
Holga 120 FN,0,1
Lumia 535,0,1
PENTAX Optio 430,0,1
COOLPIX S51,0,1
X-A2,0,3
SM-G955F,0,1
MHA-AL00,0,1
Canon PowerShot ELPH 510 HS,0,1
ViviCam 6300,0,1
DSC-S2000,0,1
E-P3            ,0,1
X-E2S,0,1
hp photosmart 720,0,1
Nexus 7,0,1
FinePix REAL 3D W1,0,1
DSC-W610,0,3
Pixel,0,2
E-M5            ,0,1
"FE150,X730",0,1
NIKON Z 50,0,2
PlayStation(R)4,0,1
Micron MT9D113 SUNNY 1.3MP YUV,0,1
HD1010,0,2
FinePix L50,0,1
Canon PowerShot SD990 IS,0,1
"VG145,VG140,D715",0,1
FinePix A700,0,1
HP PhotoSmart R607 (V01.00)+,0,1
DCR-HC90,0,1
hp photosmart 735,0,5
WAS-LX1A,0,1
SGH-T769,0,1
DSC-HX9V               ,0,1
HP Scanjet 4800,0,2
OpticFilm 7300,0,1
C6,0,1
SGH-M919,0,1
E775,0,1
DSC-W230,0,2
DMC-FX66,0,1
DC-XZ6,0,1
DMC-S1,0,1
PENTAX MX-1,0,1
201,0,3
FinePix F900EXR,0,1
HDR-PJ10,0,1
SAMSUNG PL210,0,2
PL211 / VLUU PL210,0,2
PL211,0,2
Canon PowerShot SX520 HS,0,2
"X350,D575Z,C360Z",0,1
Samsung L700,0,1
FinePix JZ300,0,1
DSC-T300,0,1
FinePix F610,0,1
"X300,D565Z,C450Z",0,2
Hasselblad H3D-39,0,1
HUAWEI W1,0,1
Canon EOS M2,0,1
SPH-M930,0,1
A850,0,1
Canon PowerShot SX540 HS,0,2
EX-FH100,0,1
Photosmart M307,0,2
K810i,0,1
COOLPIX L26,0,1
HUAWEI VNS-L31,0,1
 SAMSUNG WB550,0,1
WB560 / VLUU WB550 / SAMSUNG HZ15W,0,1
"X450,D535Z,C370Z",0,4
HTC One S,0,1
GT-N7100,0,3
GD900,0,1
BlackBerry 8520,0,1
PIXPRO AZ361,0,1
DROID X2,0,1
Canon PowerShot SD4500 IS,0,1
FinePix S1,0,3
LiDE 100,0,1
DC 8500,0,1
iPhone 11 Pro Max,0,3
E550,0,2
Hasselblad CFV-39,0,1
COOLPIX AW110,0,2
DMC-FZ62,0,1
VPC-T700,0,1
HP psc1500,0,1
COOLPIX P1,0,3
The Pinhole,0,1
FinePix F700,0,1
PHOTOfunSTUDIO 8.3 PE,0,1
CE5430,0,1
PV-GS250,0,1
Canon IXUS 145,0,2
8800F           ,0,1
DxO ONE,0,1
KODAK EASYSHARE M1033 DIGITAL CAMERA,0,1
X400,0,1
262,0,1
6MP-9U7,0,1
GT-I9082,0,2
m2,0,1
Canon PowerShot ELPH 500 HS,0,1
FinePix J37,0,1
KODAK DC4800 ZOOM DIGITAL CAMERA,0,1
A1601,0,1
DROIDX 512c0001fff80000015d84ed0903500e,0,1
FinePix F45fd,0,1
EX-Z55,0,2
EX-S770,0,2
COOLPIX A100,0,2
314,0,1
USB Camera ,0,1
D2303,0,1
GZ-HM570           ,0,1
DV552,0,1
MP250 series,0,1
FinePix S304,0,2
Unknown,0,1
VOG-L09,0,1
COOLPIX P90  ,0,5
Solida II,0,1
DSC-HX400,0,1
Canon PowerShot ELPH 310 HS,0,2
COOLPIX L315,0,1
Stylus Photo RX620,0,1
EOS DIGITAL REBEL XT,0,2
RICOH GR III       ,0,1
SAMSUNG GX20       ,0,1
KODAK C330 ZOOM DIGITAL CAMERA,0,1
KODAK EASYSHARE C713 ZOOM DIGITAL CAMERA,0,1
"u20D,S400D,u400D",0,3
PENTAX Optio M20,0,1
KODAK EASYSHARE C763 ZOOM DIGITAL CAMERA,0,1
COOLPIX P100   ,0,1
A100,0,1
DMC-S3,0,1
E2500,0,1
Primo ZX2 mini,0,1
SP-2500,0,1
FinePix Z90,0,1
Polaroid CUBE,0,1
FinePix AX650,0,1
DMC-FS6,0,1
DiMAGE X31,0,2
4200F,0,1
U100i,0,1
"FE340,X855,C560        ",0,1
GXR A16,0,2
SIGMA DP2X,0,1
PENTAX X-5,0,2
HP PhotoSmart C945 (V01.54)d,0,1
NV24HD,0,1
VLUU NV24HD,0,1
LANDIAO NV106HD,0,1
COOLPIX S510,0,2
ZTE A2017G,0,1
PENTAX Optio 50,0,2
FinePix F601 ZOOM,0,2
Canon IXUS 210,0,1
QSS-29,0,2
"u740,S740       ",0,1
Digimax L50 / KENOX X1,0,1
KODAK V603 ZOOM DIGITAL CAMERA,0,2
Lunar,0,1
LEICA M10 MONOCHROM,0,1
DX-10,0,1
Kodak Pocket Instamatic 400,0,1
COOLPIX S9200,0,1
DMC-F1,0,1
DSC-W370,0,1
1234,0,1
FinePix S9900W S9950W,0,1
"C2,D230",0,1
6MP-9FS,0,1
QSS-31,0,1
XS 40,0,1
HERO4 Silver,0,2
GZ-MG750,0,1
SP800UZ                ,0,1
Caplio RR30,0,1
KODAK EASYSHARE M381 DIGITAL CAMERA,0,1
FinePixA201,0,1
SAMSUNG-SGH-I537,0,1
Canon PowerShot A1400,0,1
Canon EOS Kiss X50,0,2
Canon PowerShot SX430 IS,0,1
X-Pro3,0,1
HP Photosmart E327,0,1
Canon DIGITAL IXUS 980 IS,0,3
FinePix T200,0,1
FinePix S5500  ,0,2
COOLPIX L28,0,1
Redmi 4X,0,1
DMC-F2,0,1
DROID RAZR,0,2
A1255,0,2
FinePix Z70,0,1
250,0,1
EX-Z29,0,1
GT-S7275R,0,1
EX-Z50,0,1
FinePix L30,0,1
PENTAX Optio S4,0,2
DMC-ZR1,0,1
SM-G991U,0,1
CX2,0,1
ST66 / ST68,0,1
Canon PowerShot ELPH 340 HS,0,1
C903,0,1
SAMSUNG MV900F,0,1
Perfection4490,0,1
Canon DIGITAL IXUS IIs,0,1
FinePix A360,0,1
FinePix2800ZOOM,0,3
IM-A630K,0,1
DSC-S700,0,2
FinePix S3400,0,2
Digital Q1 3M,0,1
"u1010,S1010",0,2
HTC One A9,0,1
G8141,0,1
6110,0,1
GT-I9003,0,1
NX300M,0,2
GT-S5230,0,1
SAMSUNG ST60 / VLUU ST60 / SAMSUNG TL105 / SAMSUNG ST61,0,1
FinePix4800 ZOOM,0,1
The Baerbl,0,1
NX230/SX235/TX230,0,1
"u760,S760",0,2
Canon PowerShot S230,0,1
DMC-FS3,0,6
XT1650,0,1
DiMAGE Xg,0,2
KODAK LS743 ZOOM DIGITAL CAMERA,0,2
MP980 series,0,1
S700i,0,1
ILCE-1,0,1
Canon DIGITAL IXUS 990 IS,0,1
DMC-FP1,0,1
Photosmart C3100 series,0,1
FinePix F710,0,1
DV 5700,0,1
FinePix A800,0,2
DC600,0,1
KODAK DX4900 ZOOM DIGITAL CAMERA,0,1
HP ScanJet 4070,0,1
DSC-W270,0,2
COOLPIX S700,0,1
Vivicam 3785,0,1
SIGMA DP1X,0,1
HP pstc6200,0,1
FRD-L09,0,1
DMC-FS14,0,1
HM NOTE,0,1
Micromax_A102,0,1
< Digimax U-CA 5,0,1
Kenox U-CA 5 / Kenox U-CA 50 >,0,1
SI-1080 Film Scanner Model DLS1640,0,1
EX1,0,3
PENTAX Optio VS20,0,1
PRIV,0,1
GT-S5660,0,1
PENTAX K-7         ,0,1
QV-R61,0,1
FinePix S8400W,0,1
SGH-I747M,0,1
SAMSUNG WB600 / VLUU WB600 / SAMSUNG WB610,0,2
DMC-TZ22,0,1
PDR-M25,0,1
MotoE2,0,1
278,0,1
NIKON D70S,0,1
RICOH WG-60,0,1
G3121,0,1
VS920 4G,0,1
D2005,0,1
PM-A890,0,1
digilux 4.3,0,1
DMC-TS10,0,1
LG-LG290C,0,1
HP PhotoSmart C945 (V01.74) ,0,1
SM-G9600,0,1
LG-H818N,0,1
VLUU L310W L313 M310W / Samsung L310W L313 M310W,0,1
FinePixS1Pro,0,1
FinePix F500EXR,0,1
COOLPIX S6300,0,2
HTC U Ultra,0,1
COOLPIX S6900,0,2
FashionCam,0,1
SAMSUNG-SM-G930A,0,1
HP PhotoSmart R717 (V01.00) ,0,1
DMC-FS18,0,1
FinePix S2960,0,3
SAMSUNG ES15 / VLUU ES15 / SAMSUNG SL30,0,1
DSC-WX10,0,1
EX-Z2,0,1
FinePix SL300,0,2
CanoScan 4400F,0,1
FinePix4500,0,1
Canon IXY DIGITAL 800 IS,0,2
GT-C3350,0,1
HUAWEI P6-C00,0,1
CONTAX Tvs Digital,0,1
E100RS,0,1
NV40,0,1
VLUU NV40,0,1
LANDIAO NV103,0,1
VLUU NV404,0,1
GT-S7230E,0,1
LG-F460S,0,1
Canon IXUS 135,0,2
W910i,0,1
270,0,1
DMC-FT20,0,1
RICOH THETA S,0,1
FinePix AV130,0,1
Symphony H100,0,1
SM-G935U,0,1
LG-X240,0,1
HP psc1400,0,1
Samsung S1070 / KENOX S1070,0,1
Tower 120 Flash,0,1
DSC-TX7,0,1
DSC-S2100,0,2
Canon DIGITAL IXUS v2,0,1
FinePix S4250WM,0,1
ASUS_Z00ED,0,1
Hero,0,1
QV-R51,0,2
EOS DIGITAL REBEL XTi,0,2
KC910,0,1
Photosmart C6100,0,1
VPC-S600,0,1
Caplio G4 wide,0,1
5310 XpressMusic,0,1
HP ScanJet 2400,0,1
K770i,0,1
DC-GF10,0,1
SM-G390F,0,1
C902,0,1
KODAK CX6445 ZOOM DIGITAL CAMERA,0,1
C6833,0,1
DZ558,0,1
Droid,0,1
FinePix E500,0,2
FinePix A900,0,1
DSC-WX50,0,1
GT-I9300I,0,2
PENTAX Optio M60,0,1
Lumia 635,0,1
LG-K130F,0,1
LG-D405,0,1
SCH-U460,0,1
SLT-A77,0,1
FinePix A310,0,1
Canon HV20,0,1
Discovery Elite,0,1
DIGILUX 2,0,1
DMC-GF7,0,3
TG-810,0,1
Micron MT9M112 1.3MP YUV,0,1
Caplio R1V,0,1
XT1563,0,1
Canon PowerShot S120,0,1
Samsung L73,0,1
C2105,0,1
Primo RM2 mini,0,1
Canon IXUS 300 HS,0,1
DMC-XS3,0,1
Z610i,0,1
X2-00,0,1
E2306,0,1
E5900,0,1
DSC-T99D,0,1
DMC-LC50,0,2
 Ocean,0,1
N86 8MP,0,2
VM670,0,1
SGH-F480,0,1
Perfection4990,0,1
PENTAX K100D       ,0,1
PENTAX Optio 33WR,0,1
LSI_S5K4AAFA,0,1
COOLPIX S52,0,1
HTC Desire,0,1
SIGMA SD9,0,1
COOLPIX S4100,0,1
FinePix JX250,0,1
S500i,0,1
M6 Note,0,1
DMC-LC70,0,1
HTC Desire EYE,0,1
LDC-4028       ,0,1
MG5300 series,0,1
"VG180,D770",0,1
S1285,0,1
VC5200Z,0,1
Canon IXY DIGITAL WIRELESS,0,1
VTR-L09,0,2
SM-F700F,0,1
DSC-TX10,0,1
SM-G530FZ,0,1
P880 ZOOM,0,1
SAMSUNG GX10       ,0,1
COOLPIX A,0,1
LG-D803,0,1
LG-P925,0,1
SM-G920I,0,2
XT1068,0,1
HTC Desire HD A9191,0,1
HTC One M9PLUS,0,1
GT-I9515,0,1
ASUS_Z017DC,0,1
R8006,0,1
ALLVIEW P5_Quad camera,0,1
6MP-9Y8,0,1
MOTWX435KT,0,1
Digimax A4/Kenox D4,0,1
P 30,0,1
S1070,0,1
ST88 / ST89,0,1
ETRSi,0,1
EX-S100,0,1
MP210 series,0,1
HP PhotoSmart R817  (V01.00)d,0,1
SM-P350,0,1
DSC-M1,0,1
NIKON D1,0,1
Photosmart B110 series,0,1
U5i,0,1
Canon IXY DIGITAL 1000,0,1
DROID2 2b5a0021fff80000015d9eef04011015,0,1
SM-A705FN,0,1
KODAK EASYSHARE C653 ZOOM DIGITAL CAMERA,0,1
CG9          ,0,1
6M Digital Camera,0,1
HP pstc3100,0,2
DMC-ZS3,0,2
myTouch 4G,0,2
SO902i,0,1
F135_PLUS,0,1
DMC-FZ60,0,1
KODAK EASYSHARE M530 Digital Camera,0,1
SIGMA fp,0,1
Pixel 4 XL,0,1
"SZ-15,DZ-100",0,1
S710a,0,1
HDR-SR11,0,1
SPH-L720,0,1
D6603,0,1
Perfection V600,0,1
HP Photosmart R740,0,1
KODAK EASYSHARE C643 ZOOM DIGITAL CAMERA,0,2
Canon EOS Rebel T100,0,1
DC811,0,1
KODAK EASYSHARE M763 DIGITAL CAMERA,0,2
hp 635 Digital Camera,0,1
PENTAX Optio V10,0,1
FinePix A405,0,1
E950,0,1
GT-I9100T,0,1
SM-G930W8,0,2
"uT8000,ST8000   ",0,1
FinePix JV150,0,1
DMC-TZ65,0,1
RNE-L01,0,2
PENTAX 645Z,0,2
EX-Z40,0,1
SM-C105,0,1
DSC-S780,0,1
iPhone5,0,1
ViviCam 7410,0,1
"FE5020,X935            ",0,1
K750c,0,1
PENTAX Optio A20,0,1
Canon DIGITAL IXUS i zoom,0,1
PENTAX K-3 II      ,0,1
FinePix T190/Walmart,0,1
G3112,0,2
5300,0,1
Aquaris X,0,1
PHOTOfunSTUDIO,0,1
"FE280,X820,C520        ",0,1
MX850 series,0,1
EX-F1,0,1
FinePix JZ510,0,1
FinePix F650,0,1
SM-A526B,0,1
FinePix A205S,0,1
COOLPIX W300,0,1
DSC-W510,0,1
Konica Digital Camera KD-500Z,0,1
"SAMSUNG PL20,PL21 / VLUU PL20,PL21",0,1
GFX 50S,0,3
2MP-9D1,0,1
SM-A320FL,0,1
Canon DIGITAL IXUS 700,0,1
FC300S,0,1
DSC-W690,0,1
Lumia 535 Dual SIM,0,1
VF-895N,0,1
A500C,0,1
E-620           ,0,1
"FE-120,X-700",0,1
C1,0,1
SIGMA DP1,0,1
SM-A500G,0,1
MP550 series,0,1
HANDYCAM,0,1
Digimax A50 / KENOX Q2,0,1
DSC-TF1,0,1
HERO5 Black,0,1
"iPhone6,2",0,1
DMC-LC43,0,2
DC E600,0,1
SUNSET,0,1
HTC Desire 626 dual sim,0,1
C6603,0,2
COOLPIX L12  ,0,1
LG-H500f,0,1
SQ908 MEGA-Cam,0,1
Canon  EOS 1100D,0,1
SH-01F,0,1
ONEPLUS A6000,0,1
C1550,0,1
SAMSUNG ES30/VLUU ES30,0,1
EX-Z1000   ,0,1
Osmo Pocket,0,1
Caplio R6,0,1
COOLPIX S700 ,0,1
FinePix F460,0,1
MB525 190a0002ffdc00000163b9910701a00c,0,1
HDR-CX430V,0,1
EX-H10,0,2
GXR MOUNT A12_Canon NEW FD 50mm F2.0,0,1
SM-J710F,0,1
WorkForce 610,0,1
6630,0,1
DV300 / DV300F / DV305F,0,1
Canon IXY DIGITAL 450,0,1
KODAK DX4330 DIGITAL CAMERA,0,1
NEX-VG30E,0,1
COOLPIX S230 ,0,1
SIGMA dp2 Quattro,0,2
GT-I5801,0,1
PENTAX Optio Z10,0,1
NVIDIA GeForce GTX 970,0,1
DMC-LC33,0,1
SAMSUNG WB35F/WB36F/WB37F,0,1
Canon EOS R7,0,1
BLA-L09,0,1
"VR350,D755",0,1
DMC-FZ1,0,1
DiMAGE G530,0,1
Canon IXY DIGITAL 2000 IS,0,1
Anycall SCH-i760,0,1
DSC-HX90,0,1
K790a,0,1
FinePix Z5fd,0,1
PENTAX Optio S5z,0,1
SM-G350,0,1
XT1058,0,1
FinePix S3500  ,0,1
DiMAGE X20,0,1
Canon PowerShot SD20,0,1
SM-J500F,0,1
Aquaris M5,0,1
SH007,0,1
DCR-TRV30,0,1
HP Photosmart R960  (V01.00),0,1
Canon IXUS 115 HS,0,1
COOLPIX S520,0,1
DC-M42,0,1
KODAK CX4200 DIGITAL CAMERA,0,1
PENTAX Optio 450,0,1
PENTAX Optio S60,0,1
354,0,1
SM-G570F,0,1
DZ-HS300A,0,2
MRD-LX1,0,1
"C920Z,D450Z",0,1
iPad 3,0,1
EOS 350D DIGITAL,0,1
SM-T550,0,1
HP Photosmart R840,0,1
C720UZ,0,1
PENTAX Optio W30,0,1
DMC-TS3,0,1
DSC-W125,0,1
DSC-W710,0,1
<Digimax S700 / Kenox S700 / Digimax Cyber 730>,0,1
FinePix S9400W S9450W,0,1
Digital Harinezumi 2,0,1
Scan Speed,0,1
HTC Explorer A310e,0,1
SGH-A867,0,1
"FE370,X880,C575",0,1
PENTAX Optio P70,0,1
GT-I9070,0,1
KODAK EasyShare Z980 Digital Camera         ,0,1
HIGHWAY SIGNS,0,1
X-T100,0,1
LT30p,0,1
SM-N920V,0,1
StylusTough-3000,0,1
450,0,1
SP-720UZ,0,1
ALP-AL00,0,1
DMC-FH27,0,1
FinePix J20,0,1
FinePix C20,0,1
NX1100,0,1
SM-J700H,0,1
SP-100EE,0,1
K200D,0,1
FinePix A500,0,1
EX-Z4,0,1
VS870 4G,0,1
DMC-FS4,0,1
SM-N910V,0,1
GR                                                             ,0,1
Canon PowerShot ELPH 190 IS,0,1
Canon IXUS 130,0,1
HP PhotoSmart C812 (V09.26),0,1
DMC-TZ71,0,1
Canon PowerShot N2,0,1
MHS-TS20,0,1
Digimax A402,0,1
LG-VX8700,0,1
FinePix A210,0,1
Studio Win,0,1
DC C1230,0,1
SCH-U960,0,1
GT-I9500,0,2
MG6100 series,0,1
BlackBerry 9550,0,1
NX100          ,0,1
Canon PowerShot A4000 IS,0,1
GT-15000,0,1
Hasselblad H4D-200MS - Hasselblad H4D,0,1
DMC-FH1,0,1
